ID,Original_ID,Common_name,SMILES,Standardise_SMILES,Value,Unit,Endpoint,Standardized_Value,Standardized_Endpoint,No_symbol_Value,Assay,Description,Link,Source Type,Source,Citation,Publish_Year,Macrocycle_Ring_Size,Macrocycle_Free_Amide_Count,Macrocycle_Substituted_Amide_Count,Macrocycle_Overall_Amide_Count,Macrocycle_Core_smiles,Macrocycle_Peripheral_smiles,Macrocycle_Free_Amide_Ratio,Macrocycle_Overall_Amide_Ratio,Num_Rings,Num_Aromatic_Rings,cLogP,Molecular_Weight,Num_H_Acceptors,Num_H_Donors,Num_Heavy_Atoms,Num_Carbon_Atoms,Fraction_SP3_Carbons,TPSA,Num_Rotatable_Bonds,Num_Charged_Atoms,Net_Charge,Kier_index,InchiKey
MC-0012,1503,    ,OC(C)[C@H]1C(=O)N[C@@H](C(=O)N[C@H](C)[C@H](CC2C=CC=CC=2OCCN[C@@H](C(C)C)C(N1C)=O)O)CC1C=C(C=CC=1)F,CC(C)[C@@H]1NCCOc2ccccc2C[C@H](O)[C@@H](C)NC(=O)[C@@H](Cc2cccc(F)c2)NC(=O)[C@H](C(C)O)N(C)C1=O,4.96,10^6 cm/s,Papp BA+Inh.,-5.305,Log Papp BA+,4.96,Caco-2,Papp BA With P-gp inhibitor,https://patentimages.storage.googleapis.com/f2/a4/4b/9c9ec4b8eb5fe0/WO2011053821A1.pdf,Patents,WO2011053821A1,"(Hoveyda et al., 2011)",2011,18,2,1,3,C1CCNCCNCCNCCNCCOCC1,CC1NCCOc2ccccc2CC(O)C(C)NC(=O)C(Cc2ccccc2)NC(=O)C(C)N(C)C1=O,0.333,0.5,3,2,1.176,586.705,7,5,42,31,0.516,140.23,4,0,0,11.839,IOEZDPQDMJIGAP-AVYQPTBLSA-N
MC-0013,1505,    ,OC(C)C1C(=O)N[C@@H](C(=O)N[C@@H](CCC2C=CC(=CC=2OCCN[C@@H](C(C)C)C(=O)N1C)F)CC)CC1=CNC2C=CC=CC1=2,CC[C@@H]1CCc2ccc(F)cc2OCCN[C@@H](C(C)C)C(=O)N(C)C(C(C)O)C(=O)N[C@H](Cc2c[nH]c3ccccc23)C(=O)N1,16.3,10^6 cm/s,Papp BA+Inh.,-4.788,Log Papp BA+,16.3,Caco-2,Papp BA With P-gp inhibitor,https://patentimages.storage.googleapis.com/f2/a4/4b/9c9ec4b8eb5fe0/WO2011053821A1.pdf,Patents,WO2011053821A1,"(Hoveyda et al., 2011)",2011,18,2,1,3,C1CCNCCNCCNCCNCCOCC1,C=C(CC1NC(=O)C(C)N(C)C(=O)C(C)NCCOc2cc(F)ccc2CCC(C)NC1=O)c1ccccc1,0.333,0.5,4,3,3.076,623.77,6,5,45,34,0.5,135.79,5,0,0,11.576,UHGHSBAHYKRNMA-NJUGWKPBSA-N
MC-0014,1688,    ,OC(C)[C@H]1C(=O)N[C@@H](C(=O)N[C@H](C)C#CC2C=CC=CC=2OCCN[C@@H](C(C)C)C(=O)N1C)CC1=CC=CC=C1,CC(C)[C@@H]1NCCOc2ccccc2C#C[C@@H](C)NC(=O)[C@@H](Cc2ccccc2)NC(=O)[C@H](C(C)O)N(C)C1=O,13.4,10^6 cm/s,Papp BA+Inh.,-4.873,Log Papp BA+,13.4,Caco-2,Papp BA With P-gp inhibitor,https://patentimages.storage.googleapis.com/f2/a4/4b/9c9ec4b8eb5fe0/WO2011053821A1.pdf,Patents,WO2011053821A1,"(Hoveyda et al., 2011)",2011,18,2,1,3,C1#CCNCCNCCNCCNCCOCC1,CC1C#Cc2ccccc2OCCNC(C)C(=O)N(C)C(C)C(=O)NC(Cc2ccccc2)C(=O)N1,0.333,0.5,3,2,1.485,548.684,6,4,40,31,0.452,120.0,4,0,0,11.115,JWILPVURJDMZGB-SFOLDJSHSA-N
MC-0015,1777,    ,OC(C)[C@H]1C(=O)N[C@@H](C(=O)NCCCC2C=CC=C3CCC(CNC([C@@H](C)C)C(N1C)=O)OC3=2)CC1=CC=CC=C1,CC(C)C1NCC2CCc3cccc(c3O2)CCCNC(=O)[C@@H](Cc2ccccc2)NC(=O)[C@H](C(C)O)N(C)C1=O,9.94,10^6 cm/s,Papp BA+Inh.,-5.003,Log Papp BA+,9.94,Caco-2,Papp BA With P-gp inhibitor,https://patentimages.storage.googleapis.com/f2/a4/4b/9c9ec4b8eb5fe0/WO2011053821A1.pdf,Patents,WO2011053821A1,"(Hoveyda et al., 2011)",2011,18,2,1,3,C1CCNCCNCCNCCNCCOCC1,CC1NCC2CCc3cccc(c3O2)CCCNC(=O)C(Cc2ccccc2)NC(=O)C(C)N(C)C1=O,0.333,0.5,4,2,1.992,564.727,6,4,41,32,0.531,120.0,4,0,0,10.394,PXMPUSICYOSMAQ-MDRNOUDVSA-N
MC-0016,1778,    ,OC(C)[C@H]1C(=O)N[C@@H](C(=O)NCCCC2C=CC=C3C=2OC(CC3)CN[C@@H](C2CC2)C(N1C)=O)CC1=CC=CC=C1,CC(O)[C@H]1C(=O)N[C@H](Cc2ccccc2)C(=O)NCCCc2cccc3c2OC(CC3)CN[C@@H](C2CC2)C(=O)N1C,16.4,10^6 cm/s,Papp BA+Inh.,-4.785,Log Papp BA+,16.4,Caco-2,Papp BA With P-gp inhibitor,https://patentimages.storage.googleapis.com/f2/a4/4b/9c9ec4b8eb5fe0/WO2011053821A1.pdf,Patents,WO2011053821A1,"(Hoveyda et al., 2011)",2011,18,3,0,3,C1CCNCCNCCNCCNCCOCC1,CC1CNC(C)C(=O)NC(C)C(=O)NC(Cc2ccccc2)C(=O)NCCCc2ccccc2O1,0.5,0.5,5,2,1.746,562.711,6,4,41,32,0.531,120.0,4,0,0,9.247,VCVDUCBAESSWTM-NGIGVKCASA-N
MC-0017,1780,    ,OC(C)[C@H]1C(=O)N[C@@H](C(NCCCC2C=CC=C3CCC(CN[C@@H](CC)C(N1C)=O)OC3=2)=O)CC1=CC=CC=C1,CC[C@@H]1NCC2CCc3cccc(c3O2)CCCNC(=O)[C@@H](Cc2ccccc2)NC(=O)[C@H](C(C)O)N(C)C1=O,13.1,10^6 cm/s,Papp BA+Inh.,-4.883,Log Papp BA+,13.1,Caco-2,Papp BA With P-gp inhibitor,https://patentimages.storage.googleapis.com/f2/a4/4b/9c9ec4b8eb5fe0/WO2011053821A1.pdf,Patents,WO2011053821A1,"(Hoveyda et al., 2011)",2011,18,2,1,3,C1CCNCCNCCNCCNCCOCC1,CC1NCC2CCc3cccc(c3O2)CCCNC(=O)C(Cc2ccccc2)NC(=O)C(C)N(C)C1=O,0.333,0.5,4,2,1.746,550.7,6,4,40,31,0.516,120.0,4,0,0,10.17,KDPWCPQHLOQWIL-IQOKYUKFSA-N
MC-0018,1843,    ,OC(C)[C@H]1C(=O)N[C@@H](C(NC2CCC(C2)C2C=CC=CC=2OCCN[C@@H](C(C)C)C(=O)N1C)=O)CC1C2C=CC=CC=2NC=1,CC(C)[C@@H]1NCCOc2ccccc2C2CCC(C2)NC(=O)[C@@H](Cc2c[nH]c3ccccc23)NC(=O)[C@H](C(C)O)N(C)C1=O,9.78,10^6 cm/s,Papp BA+Inh.,-5.01,Log Papp BA+,9.78,Caco-2,Papp BA With P-gp inhibitor,https://patentimages.storage.googleapis.com/f2/a4/4b/9c9ec4b8eb5fe0/WO2011053821A1.pdf,Patents,WO2011053821A1,"(Hoveyda et al., 2011)",2011,18,2,1,3,C1CCNCCNCCNCCNCCOCC1,C=C(CC1NC(=O)C(C)N(C)C(=O)C(C)NCCOc2ccccc2C2CCC(C2)NC1=O)c1ccccc1,0.333,0.5,5,3,2.862,603.764,6,5,44,34,0.5,135.79,4,0,0,9.904,JLEPDLWEVFLWTQ-KUFGETKKSA-N
MC-0019,1848,    ,OC(C)[C@H]1C(N[C@H](CC2=CC=CC=C2)C(=O)NC2CCC(C2)C2C=CC=CC=2OCCN[C@@H](C(C)C)C(N1C)=O)=O,CC(C)[C@@H]1NCCOc2ccccc2C2CCC(C2)NC(=O)[C@@H](Cc2ccccc2)NC(=O)[C@H](C(C)O)N(C)C1=O,24.9,10^6 cm/s,Papp BA+Inh.,-4.604,Log Papp BA+,24.9,Caco-2,Papp BA With P-gp inhibitor,https://patentimages.storage.googleapis.com/f2/a4/4b/9c9ec4b8eb5fe0/WO2011053821A1.pdf,Patents,WO2011053821A1,"(Hoveyda et al., 2011)",2011,18,2,1,3,C1CCNCCNCCNCCNCCOCC1,CC1NCCOc2ccccc2C2CCC(C2)NC(=O)C(Cc2ccccc2)NC(=O)C(C)N(C)C1=O,0.333,0.5,4,2,2.381,564.727,6,4,41,32,0.531,120.0,4,0,0,10.394,ZZGDCPBDOIQECU-GSBUZMQLSA-N
MC-0020,1876,    ,OC(C)[C@H]1C(N[C@@H](C(NCC#CC2=C(C=CC=C2F)OCCN[C@@H](C(C)2CC2)C(N1C)=O)=O)CC1C=CC=CC=1)=O,CC(O)[C@H]1C(=O)N[C@H](Cc2ccccc2)C(=O)NCC#Cc2c(F)cccc2OCCN[C@@H](C2(C)CC2)C(=O)N1C,14.1,10^6 cm/s,Papp BA+Inh.,-4.851,Log Papp BA+,14.1,Caco-2,Papp BA With P-gp inhibitor,https://patentimages.storage.googleapis.com/f2/a4/4b/9c9ec4b8eb5fe0/WO2011053821A1.pdf,Patents,WO2011053821A1,"(Hoveyda et al., 2011)",2011,18,3,0,3,C1#CCNCCNCCNCCNCCOCC1,CCC1NCCOc2cccc(F)c2C#CCNC(=O)C(Cc2ccccc2)NC(=O)C(C)NC1=O,0.5,0.5,4,2,1.379,564.658,6,4,41,31,0.452,120.0,4,0,0,9.63,ZRSOAJHTNDDWOB-GUYWFFASSA-N
MC-0021,1903,    ,OC(C)[C@H]1C(=O)N[C@H](CC2C=CC(=CC=2)F)C(NC2CCC(C2)C2C=CC=CC=2OCCN[C@@H](C(C)C)C(N1C)=O)=O,CC(C)[C@@H]1NCCOc2ccccc2C2CCC(C2)NC(=O)[C@@H](Cc2ccc(F)cc2)NC(=O)[C@H](C(C)O)N(C)C1=O,28.5,10^6 cm/s,Papp BA+Inh.,-4.545,Log Papp BA+,28.5,Caco-2,Papp BA With P-gp inhibitor,https://patentimages.storage.googleapis.com/f2/a4/4b/9c9ec4b8eb5fe0/WO2011053821A1.pdf,Patents,WO2011053821A1,"(Hoveyda et al., 2011)",2011,18,2,1,3,C1CCNCCNCCNCCNCCOCC1,CC1NCCOc2ccccc2C2CCC(C2)NC(=O)C(Cc2ccc(F)cc2)NC(=O)C(C)N(C)C1=O,0.333,0.5,4,2,2.52,582.717,6,4,42,32,0.531,120.0,4,0,0,10.562,OJACCSXHGPLFST-QRRILLEESA-N
MC-0022,1918,    ,OC(C)[C@H]1C(=O)N[C@@H](C(=O)NCC#CC2C=CC(=CC=2OCCN[C@@H](C(C)2CC2)C(=O)N1C)F)CC1C=CC=CC=1,CC(O)[C@H]1C(=O)N[C@H](Cc2ccccc2)C(=O)NCC#Cc2ccc(F)cc2OCCN[C@@H](C2(C)CC2)C(=O)N1C,18.4,10^6 cm/s,Papp BA+Inh.,-4.735,Log Papp BA+,18.4,Caco-2,Papp BA With P-gp inhibitor,https://patentimages.storage.googleapis.com/f2/a4/4b/9c9ec4b8eb5fe0/WO2011053821A1.pdf,Patents,WO2011053821A1,"(Hoveyda et al., 2011)",2011,18,3,0,3,C1#CCNCCNCCNCCNCCOCC1,CCC1NCCOc2cc(F)ccc2C#CCNC(=O)C(Cc2ccccc2)NC(=O)C(C)NC1=O,0.5,0.5,4,2,1.379,564.658,6,4,41,31,0.452,120.0,4,0,0,9.63,NETIVXYPBDAWHQ-GUYWFFASSA-N
MC-0023,1929,    ,OC([C@H]1C(=O)N[C@@H](C(=O)NCC#CC2C(=CC=CC=2OCCN[C@@H](C(C)C)C(=O)N1C)F)CC1C=CC=CC=1)C,CC(C)[C@@H]1NCCOc2cccc(F)c2C#CCNC(=O)[C@@H](Cc2ccccc2)NC(=O)[C@H](C(C)O)N(C)C1=O,18.4,10^6 cm/s,Papp BA+Inh.,-4.735,Log Papp BA+,18.4,Caco-2,Papp BA With P-gp inhibitor,https://patentimages.storage.googleapis.com/f2/a4/4b/9c9ec4b8eb5fe0/WO2011053821A1.pdf,Patents,WO2011053821A1,"(Hoveyda et al., 2011)",2011,18,2,1,3,C1#CCNCCNCCNCCNCCOCC1,CC1NCCOc2ccccc2C#CCNC(=O)C(Cc2ccccc2)NC(=O)C(C)N(C)C1=O,0.333,0.5,3,2,1.235,552.647,6,4,40,30,0.433,120.0,4,0,0,11.051,UOGZMOLDAFCXPV-WKBUYWNLSA-N
MC-0085,erythromycin,Erythromycin,CC[C@@H]1[C@@]([C@@H]([C@H](C(=O)[C@@H](C[C@@]([C@@H]([C@H]([C@@H]([C@H](C(=O)O1)C)O[C@H]2C[C@@]([C@H]([C@@H](O2)C)O)(C)OC)C)O[C@H]3[C@@H]([C@H](C[C@H](O3)C)N(C)C)O)(C)O)C)C)O)(C)O,CC[C@H]1OC(=O)[C@H](C)[C@@H](O[C@@H]2C[C@@](C)(OC)[C@@H](O)[C@H](C)O2)[C@H](C)[C@@H](O[C@@H]2O[C@H](C)C[C@H](N(C)C)[C@H]2O)[C@](C)(O)C[C@@H](C)C(=O)[C@H](C)[C@@H](O)[C@]1(C)O,11.6±1.4,nm/s,Papp BA+Inh.,-5.936,Log Papp BA+,11.6,Caco-2,Papp BA With P-gp inhibitor,https://hrcak.srce.hr/62210,Journals,https://hrcak.srce.hr/62210,"(Nožinić et al., 2010)",2010,14,0,0,0,C1CCCCCCOCCCCCC1,CC1CCCC(OC2C(C)C(OCCC(C)(O)CO)C(C)C(=O)OC(C)C(C)C(O)C(C)C(=O)C(C)CC2(C)O)O1,0.0,0.0,3,0,1.786,733.937,14,5,51,37,0.946,193.91,7,0,0,14.712,ULGZDMOVFRHVEP-RWJQBGPGSA-N
MC-0085,Erythromycin,Erythromycin,CC[C@H]1OC(=O)[C@H](C)[C@@H](O[C@@H]2C[C@@](C)(OC)[C@@H](O)[C@H](C)O2)[C@H](C)[C@@H](O[C@@H]3O[C@H](C)C[C@@H]([C@H]3O)N(C)C)[C@](C)(O)C[C@@H](C)C(=O)[C@H](C)[C@@H](O)[C@]1(C)O,CC[C@H]1OC(=O)[C@H](C)[C@@H](O[C@@H]2C[C@@](C)(OC)[C@@H](O)[C@H](C)O2)[C@H](C)[C@@H](O[C@@H]2O[C@H](C)C[C@H](N(C)C)[C@H]2O)[C@](C)(O)C[C@@H](C)C(=O)[C@H](C)[C@@H](O)[C@]1(C)O,2.32,10^-6 cm/s,Papp BA+Inh.,-5.635,Log Papp BA+,2.32,Caco-2,"Papp BA +inhibitors, Determined in the presence of a cocktail of inhibitors (quinidine, sulfasalazine, and benzobromarone; noted by + Inh) of efflux transporters.",https://doi.org/10.1021/acs.jmedchem.8b00347,Journals,10.1021/acs.jmedchem.8b00347,"(Rossi Sebastiano et al., 2018)",2018,14,0,0,0,C1CCCCCCOCCCCCC1,CC1CCCC(OC2C(C)C(OCCC(C)(O)CO)C(C)C(=O)OC(C)C(C)C(O)C(C)C(=O)C(C)CC2(C)O)O1,0.0,0.0,3,0,1.786,733.937,14,5,51,37,0.946,193.91,7,0,0,14.712,ULGZDMOVFRHVEP-UMCXFAKASA-N
MC-0086,clarithromycin ,Clarithromycin,CC[C@@H]1[C@@]([C@@H]([C@H](C(=O)[C@@H](C[C@@]([C@@H]([C@H]([C@@H]([C@H](C(=O)O1)C)O[C@H]2C[C@@]([C@H]([C@@H](O2)C)O)(C)OC)C)O[C@H]3[C@@H]([C@H](C[C@H](O3)C)N(C)C)O)(C)OC)C)C)O)(C)O ,CC[C@H]1OC(=O)[C@H](C)[C@@H](O[C@H]2C[C@@](C)(OC)[C@@H](O)[C@H](C)O2)[C@H](C)[C@@H](O[C@@H]2O[C@H](C)C[C@H](N(C)C)[C@H]2O)[C@](C)(OC)C[C@@H](C)C(=O)[C@H](C)[C@@H](O)[C@]1(C)O,73.4±5.8,nm/s,Papp BA+Inh.,-5.134,Log Papp BA+,73.4,Caco-2,Papp BA With P-gp inhibitor,https://hrcak.srce.hr/62210,Journals,https://hrcak.srce.hr/62210,"(Nožinić et al., 2010)",2010,14,0,0,0,C1CCCCCCOCCCCCC1,CC1CCCC(OC2C(C)C(OCCC(C)(O)CO)C(C)C(=O)OC(C)C(C)C(O)C(C)C(=O)C(C)CC2(C)O)O1,0.0,0.0,3,0,2.44,747.964,14,4,52,38,0.947,182.91,8,0,0,15.313,AGOYDEPGAOXOCK-KCBOHYOISA-N
MC-0086,Clarithromycin,Clarithromycin,CC[C@H]1OC(=O)[C@H](C)[C@@H](OC2CC(C)(OC)C(O)C(C)O2)[C@H](C)[C@@H](OC3OC(C)CC(C3O)N(C)C)[C@@](C)(C[C@@H](C)C(=O)[C@H](C)[C@@H](O)[C@]1(C)O)OC,CC[C@H]1OC(=O)[C@H](C)[C@@H](O[C@H]2C[C@@](C)(OC)[C@@H](O)[C@H](C)O2)[C@H](C)[C@@H](O[C@@H]2O[C@H](C)C[C@H](N(C)C)[C@H]2O)[C@](C)(OC)C[C@@H](C)C(=O)[C@H](C)[C@@H](O)[C@]1(C)O,32.8,10^-6 cm/s,Papp BA+Inh.,-4.484,Log Papp BA+,32.8,Caco-2,"Papp BA +inhibitors, Determined in the presence of a cocktail of inhibitors (quinidine, sulfasalazine, and benzobromarone; noted by + Inh) of efflux transporters.",https://doi.org/10.1021/acs.jmedchem.8b00347,Journals,10.1021/acs.jmedchem.8b00347,"(Rossi Sebastiano et al., 2018)",2018,14,0,0,0,C1CCCCCCOCCCCCC1,CC1CCCC(OC2C(C)C(OCCC(C)(O)CO)C(C)C(=O)OC(C)C(C)C(O)C(C)C(=O)C(C)CC2(C)O)O1,0.0,0.0,3,0,2.44,747.964,14,4,52,38,0.947,182.91,8,0,0,15.313,AGOYDEPGAOXOCK-AVDMLEEESA-N
MC-0087,roxithromycin ,Roxithromycin ,CC[C@@H]1[C@@]([C@@H]([C@H](/C(=N/OCOCCOC)/[C@@H](C[C@@]([C@@H]([C@H]([C@@H]([C@H](C(=O)O1)C)O[C@H]2C[C@@]([C@H]([C@@H](O2)C)O)(C)OC)C)O[C@H]3[C@@H]([C@H](C[C@H](O3)C)N(C)C)O)(C)O)C)C)O)(C)O,CC[C@H]1OC(=O)[C@H](C)[C@@H](O[C@H]2C[C@@](C)(OC)[C@@H](O)[C@H](C)O2)[C@H](C)[C@@H](O[C@@H]2O[C@H](C)C[C@H](N(C)C)[C@H]2O)[C@](C)(O)C[C@@H](C)/C(=N\OCOCCOC)[C@H](C)[C@@H](O)[C@]1(C)O,188.3±5.6,nm/s,Papp BA+Inh.,-4.725,Log Papp BA+,188.3,Caco-2,Papp BA With P-gp inhibitor,https://hrcak.srce.hr/62210,Journals,https://hrcak.srce.hr/62210,"(Nožinić et al., 2010)",2010,14,0,0,0,C1CCCCCCOCCCCCC1,CC1CC(C)C(O)C(C)C(C)OC(=O)C(C)C(OCCC(C)(O)CO)C(C)C(OC2CCCC(C)O2)C(C)(O)C1,0.0,0.0,3,0,2.21,837.058,17,5,58,41,0.951,216.89,13,0,0,18.801,RXZBMPWDPOLZGW-XMRMVWPWSA-N
MC-0088,azithromycin ,Azithromycin,CC[C@@H]1[C@@]([C@@H]([C@H](N(C[C@@H](C[C@@]([C@@H]([C@H]([C@@H]([C@H](C(=O)O1)C)O[C@H]2C[C@@]([C@H]([C@@H](O2)C)O)(C)OC)C)O[C@H]3[C@@H]([C@H](C[C@H](O3)C)N(C)C)O)(C)O)C)C)C)O)(C)O  ,CC[C@H]1OC(=O)[C@H](C)[C@@H](O[C@H]2C[C@@](C)(OC)[C@@H](O)[C@H](C)O2)[C@H](C)[C@@H](O[C@@H]2O[C@H](C)C[C@H](N(C)C)[C@H]2O)[C@](C)(O)C[C@@H](C)CN(C)[C@H](C)[C@@H](O)[C@]1(C)O,16.5±3.3,nm/s,Papp BA+Inh.,-5.783,Log Papp BA+,16.5,Caco-2,Papp BA With P-gp inhibitor,https://hrcak.srce.hr/62210,Journals,https://hrcak.srce.hr/62210,"(Nožinić et al., 2010)",2010,15,0,0,0,C1CCCCNCCCCOCCCC1,CC1CN(C)C(C)C(O)C(C)C(C)OC(=O)C(C)C(OCCC(C)(O)CO)C(C)C(OC2CCCC(C)O2)C(C)(O)C1,0.0,0.0,3,0,1.901,748.996,14,5,52,38,0.974,180.08,7,0,0,15.575,MQTOSJVFKKJCRP-BICOPXKESA-N
MC-0088,Azithromycin,Azithromycin,[H]OC1C(OC(C)CC1N(C)C)O[C@@H]2[C@@H](C)[C@H](OC3CC(C)(OC)C(O[H])C(C)O3)[C@@H](C)C(=O)O[C@H](CC)[C@@](C)(O[H])[C@H](O[H])[C@@H](C)N(C)C[C@H](C)C[C@@]2(C)O[H],CC[C@H]1OC(=O)[C@H](C)[C@@H](O[C@H]2C[C@@](C)(OC)[C@@H](O)[C@H](C)O2)[C@H](C)[C@@H](O[C@@H]2O[C@H](C)C[C@H](N(C)C)[C@H]2O)[C@](C)(O)C[C@@H](C)CN(C)[C@H](C)[C@@H](O)[C@]1(C)O,22.5,10^-6 cm/s,Papp BA+Inh.,-4.648,Log Papp BA+,22.5,Caco-2,"Papp BA +inhibitors, Determined in the presence of a cocktail of inhibitors (quinidine, sulfasalazine, and benzobromarone; noted by + Inh) of efflux transporters.",https://doi.org/10.1021/acs.jmedchem.8b00347,Journals,10.1021/acs.jmedchem.8b00347,"(Rossi Sebastiano et al., 2018)",2018,15,0,0,0,C1CCCCNCCCCOCCCC1,CC1CN(C)C(C)C(O)C(C)C(C)OC(=O)C(C)C(OCCC(C)(O)CO)C(C)C(OC2CCCC(C)O2)C(C)(O)C1,0.0,0.0,3,0,1.901,748.996,14,5,52,38,0.974,180.08,7,0,0,15.575,MQTOSJVFKKJCRP-FHZDSTMTSA-N
MC-0089,Telithromycin,Telithromycin,CC[C@@H]1[C@@]2([C@@H]([C@H](C(=O)[C@@H](C[C@@]([C@@H]([C@H](C(=O)[C@H](C(=O)O1)C)C)O[C@H]3[C@@H]([C@H](C[C@H](O3)C)N(C)C)O)(C)OC)C)C)N(C(=O)O2)CCCCN4C=C(N=C4)C5=CN=CC=C5)C,CC[C@H]1OC(=O)[C@H](C)C(=O)[C@H](C)[C@@H](O[C@@H]2O[C@H](C)C[C@H](N(C)C)[C@H]2O)[C@](C)(OC)C[C@@H](C)C(=O)[C@H](C)[C@H]2N(CCCCn3cnc(-c4cccnc4)c3)C(=O)O[C@]12C,75.6±0.4,nm/s,Papp BA+Inh.,-5.121,Log Papp BA+,75.6,Caco-2,Papp BA With P-gp inhibitor,https://hrcak.srce.hr/62210,Journals,https://hrcak.srce.hr/62210,"(Nožinić et al., 2010)",2010,14,0,0,0,C1CCCCCCOCCCCCC1,CC1CCCC(OC2C(C)C(=O)C(C)C(=O)OC(C)C(OC=O)CC(C)C(=O)C(C)CC2(C)O)O1,0.0,0.0,5,2,4.929,812.018,14,1,58,43,0.721,171.85,11,0,0,14.583,LJVAJPDWBABPEJ-PNUFFHFMSA-N
MC-0089,Telithromycin,Telithromycin,CC[C@H]1OC(=O)[C@H](C)C(=O)[C@H](C)[C@@H](OC2OC(C)CC(C2O)N(C)C)[C@](C)(C[C@@H](C)C(=O)[C@H](C)[C@H]3N(CCCCN4C=NC(=C4)C5=CC=CN=C5)C(=O)O[C@]13C)OC,CC[C@H]1OC(=O)[C@H](C)C(=O)[C@H](C)[C@@H](O[C@@H]2O[C@H](C)C[C@H](N(C)C)[C@H]2O)[C@](C)(OC)C[C@@H](C)C(=O)[C@H](C)[C@H]2N(CCCCn3cnc(-c4cccnc4)c3)C(=O)O[C@]12C,16.9,10^-6 cm/s,Papp BA+Inh.,-4.772,Log Papp BA+,16.9,Caco-2,"Papp BA +inhibitors, Determined in the presence of a cocktail of inhibitors (quinidine, sulfasalazine, and benzobromarone; noted by + Inh) of efflux transporters.",https://doi.org/10.1021/acs.jmedchem.8b00347,Journals,10.1021/acs.jmedchem.8b00347,"(Rossi Sebastiano et al., 2018)",2018,14,0,0,0,C1CCCCCCOCCCCCC1,CC1CCCC(OC2C(C)C(=O)C(C)C(=O)OC(C)C(OC=O)CC(C)C(=O)C(C)CC2(C)O)O1,0.0,0.0,5,2,4.929,812.018,14,1,58,43,0.721,171.85,11,0,0,14.583,LJVAJPDWBABPEJ-WKGPXKHBSA-N
MC-0151,BRD-K80841398,    ,CO[C@@H]1CC[C@@H]2CCN(C)C(=O)[C@H](C)[C@H](CN(C)C(=O)c3cc(ccc3OC[C@@H]1O2)C#N)OC,CO[C@@H]1CC[C@@H]2CCN(C)C(=O)[C@H](C)[C@@H](OC)CN(C)C(=O)c3cc(C#N)ccc3OC[C@@H]1O2,2.64,10^-6 cm/s,Papp BA+Inh.,-5.578,Log Papp BA+,2.64,Caco-2,BA_ABBA2point_Inh,https://doi.org/10.1038/nchembio.2203,Journals,10.1038/nchembio.2203,"(Over et al., 2016)",2016,16,0,2,2,C1CCNCCCOCCOCCCNC1,CC1C(=O)N(C)CCC2CCC(O)C(COc3ccccc3C(=O)N(C)CC1O)O2,0.0,0.375,3,1,2.085,473.57,7,0,34,25,0.64,101.33,2,0,0,8.887,YDHXSWOLXDIZHC-FFLNWOAESA-N
MC-0152,BRD-K29054201,    ,CO[C@H]1CC[C@@H]2CCN(C)C(=O)[C@H](C)[C@@H](CN(C)C(=O)c3cccc(C#N)c3OC[C@@H]1O2)OC,CO[C@H]1CC[C@@H]2CCN(C)C(=O)[C@H](C)[C@H](OC)CN(C)C(=O)c3cccc(C#N)c3OC[C@@H]1O2,18.78,10^-6 cm/s,Papp BA+Inh.,-4.726,Log Papp BA+,18.78,Caco-2,BA_ABBA2point_Inh,https://doi.org/10.1038/nchembio.2203,Journals,10.1038/nchembio.2203,"(Over et al., 2016)",2016,16,0,2,2,C1CCNCCCOCCOCCCNC1,CC1C(=O)N(C)CCC2CCC(O)C(COc3ccccc3C(=O)N(C)CC1O)O2,0.0,0.375,3,1,2.085,473.57,7,0,34,25,0.64,101.33,2,0,0,8.887,XYLRKRISJMFHFX-GBKCLDHKSA-N
MC-0153,BRD-K33620583,    ,CO[C@@H]1CC[C@@H]2CCN(C)C(=O)[C@H](C)[C@H](CN(C)C(=O)c3cccc(C#N)c3OC[C@@H]1O2)OC,CO[C@@H]1CC[C@@H]2CCN(C)C(=O)[C@H](C)[C@@H](OC)CN(C)C(=O)c3cccc(C#N)c3OC[C@@H]1O2,4.95,10^-6 cm/s,Papp BA+Inh.,-5.305,Log Papp BA+,4.95,Caco-2,BA_ABBA2point_Inh,https://doi.org/10.1038/nchembio.2203,Journals,10.1038/nchembio.2203,"(Over et al., 2016)",2016,16,0,2,2,C1CCNCCCOCCOCCCNC1,CC1C(=O)N(C)CCC2CCC(O)C(COc3ccccc3C(=O)N(C)CC1O)O2,0.0,0.375,3,1,2.085,473.57,7,0,34,25,0.64,101.33,2,0,0,8.887,XYLRKRISJMFHFX-QOVBHOHNSA-N
MC-3393,Roxythromycin,Roxythromycin,CC[C@H]1OC(=O)[C@H](C)[C@@H](OC2CC(C)(OC)C(O)C(C)O2)[C@H](C)[C@@H](OC3OC(C)CC(C3O)N(C)C)[C@](C)(O)C[C@@H](C)\C(=N/OCOCCOC)[C@H](C)[C@@H](O)[C@]1(C)O,CC[C@H]1OC(=O)[C@H](C)[C@@H](OC2CC(C)(OC)C(O)C(C)O2)[C@H](C)[C@@H](OC2OC(C)CC(N(C)C)C2O)[C@](C)(O)C[C@@H](C)/C(=N\OCOCCOC)[C@H](C)[C@@H](O)[C@]1(C)O,11.7,10^-6 cm/s,Papp BA+Inh.,-4.932,Log Papp BA+,11.7,Caco-2,"Papp BA +inhibitors, Determined in the presence of a cocktail of inhibitors (quinidine, sulfasalazine, and benzobromarone; noted by + Inh) of efflux transporters.",https://doi.org/10.1021/acs.jmedchem.8b00347,Journals,10.1021/acs.jmedchem.8b00347,"(Rossi Sebastiano et al., 2018)",2018,14,0,0,0,C1CCCCCCOCCCCCC1,CC1CC(C)C(O)C(C)C(C)OC(=O)C(C)C(OCCC(C)(O)CO)C(C)C(OC2CCCC(C)O2)C(C)(O)C1,0.0,0.0,3,0,2.21,837.058,17,5,58,41,0.951,216.89,13,0,0,18.801,RXZBMPWDPOLZGW-KMAKEOJNSA-N
MC-3395,Rifampicin,Rifampicin,O=C(O[C@H]1[C@H](C)[C@H](O)[C@H](C)[C@@H](O)[C@@H](C)/C=C/C=C(/C)\C(=O)Nc2c(/C=N/N3CCN(C)CC3)c(O)c3c(c(O)c(C)c4O[C@@](C)(C(=O)c34)O/C=C/[C@H](OC)[C@H]1C)c2O)C,CO[C@H]1/C=C/O[C@@]2(C)Oc3c(C)c(O)c4c(O)c(c(/C=N/N5CCN(C)CC5)c(O)c4c3C2=O)NC(=O)/C(C)=C\C=C\[C@H](C)[C@H](O)[C@@H](C)[C@@H](O)[C@@H](C)[C@H](OC(C)=O)[C@@H]1C,14.6,10^-6 cm/s,Papp BA+Inh.,-4.836,Log Papp BA+,14.6,Caco-2,"Papp BA +inhibitors, Determined in the presence of a cocktail of inhibitors (quinidine, sulfasalazine, and benzobromarone; noted by + Inh) of efflux transporters.",https://doi.org/10.1021/acs.jmedchem.8b00347,Journals,10.1021/acs.jmedchem.8b00347,"(Rossi Sebastiano et al., 2018)",2018,24,1,0,1,C1=CCCCCCCCCC=COCCC=CC=CCNCC=C1,Cc1cc2cc3cc(O)c2c2c1OC(C)(OC=CC(O)CC(O)C(C)C(O)C(C)C(O)C(C)C=CC=CC(=O)N3)C2=O,0.125,0.125,6,2,4.335,822.953,15,6,59,43,0.535,220.15,4,0,0,13.702,JQXXHWHPUNPDRT-WLSIYKJHSA-N
MC-3497,BRD-K07442049,    ,CO[C@H]1CC[C@@H]2CCOc3c(cccc3C(=O)N(C)C[C@H](C)C(=O)N(C)C[C@@H]1O2)C#N,CO[C@H]1CC[C@@H]2CCOc3c(C#N)cccc3C(=O)N(C)C[C@H](C)C(=O)N(C)C[C@@H]1O2,25.04,10^-6 cm/s,Papp BA+Inh.,-4.601,Log Papp BA+,25.04,Caco-2,BA_ABBA2point_Inh,https://doi.org/10.1038/nchembio.2203,Journals,10.1038/nchembio.2203,"(Over et al., 2016)",2016,15,0,2,2,C1CNCCCOCCCOCCNC1,Cc1cccc2c1OCCC1CCC(O)C(CN(C)C(=O)C(C)CN(C)C2=O)O1,0.0,0.401,3,1,2.07,429.517,6,0,31,23,0.609,92.1,1,0,0,7.521,WNHZFTQVONQUSH-RKOGWWSCSA-N
MC-3498,BRD-K13079805,    ,CO[C@H]1CC[C@H]2CCOc3c(cccc3C(=O)N(C)C[C@H](C)C(=O)N(C)C[C@@H]1O2)C#N,CO[C@H]1CC[C@H]2CCOc3c(C#N)cccc3C(=O)N(C)C[C@H](C)C(=O)N(C)C[C@@H]1O2,29.02,10^-6 cm/s,Papp BA+Inh.,-4.537,Log Papp BA+,29.02,Caco-2,BA_ABBA2point_Inh,https://doi.org/10.1038/nchembio.2203,Journals,10.1038/nchembio.2203,"(Over et al., 2016)",2016,15,0,2,2,C1CNCCCOCCCOCCNC1,Cc1cccc2c1OCCC1CCC(O)C(CN(C)C(=O)C(C)CN(C)C2=O)O1,0.0,0.401,3,1,2.07,429.517,6,0,31,23,0.609,92.1,1,0,0,7.521,WNHZFTQVONQUSH-UHMOLFJZSA-N
MC-3499,BRD-K45409613,    ,CO[C@@H]1CC[C@H]2CCN(C)C(=O)[C@H](C)[C@@H](CN(C)C(=O)c3cccc(C#N)c3OC[C@H]1O2)OC,CO[C@@H]1CN(C)C(=O)c2cccc(C#N)c2OC[C@H]2O[C@@H](CC[C@H]2OC)CCN(C)C(=O)[C@@H]1C,7.79,10^-6 cm/s,Papp BA+Inh.,-5.108,Log Papp BA+,7.79,Caco-2,BA_ABBA2point_Inh,https://doi.org/10.1038/nchembio.2203,Journals,10.1038/nchembio.2203,"(Over et al., 2016)",2016,16,0,2,2,C1CCNCCCOCCOCCCNC1,CCC1CCN(C)C(=O)CC(O)CN(C)C(=O)c2ccccc2OCCO1,0.0,0.375,3,1,2.085,473.57,7,0,34,25,0.64,101.33,2,0,0,8.887,XYLRKRISJMFHFX-IXXBJLTKSA-N
MC-3504,BRD-K04321001,    ,CO[C@H]1CC[C@@H]2CCOc3ccc(cc3C(=O)N(C)C[C@@H](CC(=O)N(C)C[C@@H]1O2)c4ccccc4)C#N,CO[C@H]1CC[C@@H]2CCOc3ccc(C#N)cc3C(=O)N(C)C[C@H](c3ccccc3)CC(=O)N(C)C[C@@H]1O2,15.41,10^-6 cm/s,Papp BA+Inh.,-4.812,Log Papp BA+,15.41,Caco-2,BA_ABBA2point_Inh,https://doi.org/10.1038/nchembio.2203,Journals,10.1038/nchembio.2203,"(Over et al., 2016)",2016,16,0,2,2,C1CCNCCOCCCOCCCNC1,Cc1ccc2c(c1)C(=O)N(C)CC(c1ccccc1)CC(=O)N(C)CC1OC(CCO2)CCC1O,0.0,0.375,4,2,3.608,505.615,6,0,37,29,0.483,92.1,2,0,0,8.8,CIRYYAWURCKBQH-YWUUFRFPSA-N
MC-3505,BRD-K45850755,    ,CO[C@H]1CC[C@@H]2CCOc3c(cccc3C(=O)N(C)C[C@@H](CC(=O)N(C)C[C@@H]1O2)c4ccccc4)C#N,CO[C@H]1CC[C@@H]2CCOc3c(C#N)cccc3C(=O)N(C)C[C@H](c3ccccc3)CC(=O)N(C)C[C@@H]1O2,23.03,10^-6 cm/s,Papp BA+Inh.,-4.638,Log Papp BA+,23.03,Caco-2,BA_ABBA2point_Inh,https://doi.org/10.1038/nchembio.2203,Journals,10.1038/nchembio.2203,"(Over et al., 2016)",2016,16,0,2,2,C1CCNCCOCCCOCCCNC1,Cc1cccc2c1OCCC1CCC(O)C(CN(C)C(=O)CC(c3ccccc3)CN(C)C2=O)O1,0.0,0.375,4,2,3.608,505.615,6,0,37,29,0.483,92.1,2,0,0,8.8,DIIJYNJFSHJSFY-OSNGURLVSA-N
MC-3511,BRD-K19203549,    ,CO[C@@H]1CC[C@@H]2CCN(C)C(=O)[C@@H](C)CN(C)C(=O)c3cccc(C#N)c3OC[C@@H]1O2,CO[C@@H]1CC[C@@H]2CCN(C)C(=O)[C@@H](C)CN(C)C(=O)c3cccc(C#N)c3OC[C@@H]1O2,16.81,10^-6 cm/s,Papp BA+Inh.,-4.774,Log Papp BA+,16.81,Caco-2,BA_ABBA2point_Inh,https://doi.org/10.1038/nchembio.2203,Journals,10.1038/nchembio.2203,"(Over et al., 2016)",2016,15,0,2,2,C1CNCCCOCCOCCCNC1,CC1CN(C)C(=O)c2ccccc2OCC2OC(CCC2O)CCN(C)C1=O,0.0,0.401,3,1,2.07,429.517,6,0,31,23,0.609,92.1,1,0,0,7.521,GZBXCCCGVZBCNA-ZSXHRAQDSA-N
MC-3512,BRD-K67090914,    ,CO[C@@H]1CC[C@@H]2CCN(C)C(=O)[C@@H](C)CN(C)C(=O)c3cc(ccc3OC[C@@H]1O2)C#N,CO[C@@H]1CC[C@@H]2CCN(C)C(=O)[C@@H](C)CN(C)C(=O)c3cc(C#N)ccc3OC[C@@H]1O2,6.12,10^-6 cm/s,Papp BA+Inh.,-5.213,Log Papp BA+,6.12,Caco-2,BA_ABBA2point_Inh,https://doi.org/10.1038/nchembio.2203,Journals,10.1038/nchembio.2203,"(Over et al., 2016)",2016,15,0,2,2,C1CNCCCOCCOCCCNC1,CC1CN(C)C(=O)c2ccccc2OCC2OC(CCC2O)CCN(C)C1=O,0.0,0.401,3,1,2.07,429.517,6,0,31,23,0.609,92.1,1,0,0,7.521,WOVPJXMLSNBLNW-IAECCPNBSA-N
MC-3526,BRD-K16244298,    ,CO[C@H]1CC[C@@H]2CCOc3ccc(cc3C(=O)N(C)C[C@H](OC)[C@H](C)C(=O)N(C)C[C@@H]1O2)C#N,CO[C@H]1CC[C@@H]2CCOc3ccc(C#N)cc3C(=O)N(C)C[C@H](OC)[C@H](C)C(=O)N(C)C[C@@H]1O2,9.66,10^-6 cm/s,Papp BA+Inh.,-5.015,Log Papp BA+,9.66,Caco-2,BA_ABBA2point_Inh,https://doi.org/10.1038/nchembio.2203,Journals,10.1038/nchembio.2203,"(Over et al., 2016)",2016,16,0,2,2,C1CCNCCOCCCOCCCNC1,Cc1ccc2c(c1)C(=O)N(C)CC(O)C(C)C(=O)N(C)CC1OC(CCO2)CCC1O,0.0,0.375,3,1,2.085,473.57,7,0,34,25,0.64,101.33,2,0,0,8.887,KBGVHZBKJITMSF-DYCPSGBQSA-N
MC-3528,BRD-K95125640,    ,CO[C@H]1CC[C@H]2CCOc3ccc(cc3C(=O)N(C)C[C@@H](OC)[C@H](C)C(=O)N(C)C[C@@H]1O2)C#N,CO[C@H]1CC[C@H]2CCOc3ccc(C#N)cc3C(=O)N(C)C[C@@H](OC)[C@H](C)C(=O)N(C)C[C@@H]1O2,7.15,10^-6 cm/s,Papp BA+Inh.,-5.146,Log Papp BA+,7.15,Caco-2,BA_ABBA2point_Inh,https://doi.org/10.1038/nchembio.2203,Journals,10.1038/nchembio.2203,"(Over et al., 2016)",2016,16,0,2,2,C1CCNCCOCCCOCCCNC1,Cc1ccc2c(c1)C(=O)N(C)CC(O)C(C)C(=O)N(C)CC1OC(CCO2)CCC1O,0.0,0.375,3,1,2.085,473.57,7,0,34,25,0.64,101.33,2,0,0,8.887,KBGVHZBKJITMSF-IJGBCQEOSA-N
MC-3530,BRD-K66726294,    ,Fc1ccc(cc1)[C@@H]2C\C=C/C[C@H](NC(=O)[C@@H](CC(=O)N2)c3ccccc3)c4ccc5OCOc5c4,O=C1C[C@@H](c2ccccc2)C(=O)N[C@H](c2ccc3c(c2)OCO3)C/C=C\C[C@@H](c2ccc(F)cc2)N1,6.32,10^-6 cm/s,Papp BA+Inh.,-5.199,Log Papp BA+,6.32,Caco-2,BA_ABBA2point_Inh,https://doi.org/10.1038/nchembio.2203,Journals,10.1038/nchembio.2203,"(Over et al., 2016)",2016,12,2,0,2,C1=CCCNCCCCNCC1,O=C1CC(c2ccccc2)C(=O)NC(c2cccc(O)c2)CC=CCC(c2ccc(F)cc2)N1,0.5,0.5,5,3,5.093,486.543,4,2,36,29,0.241,76.66,3,0,0,6.979,ZHQQFSMJQUXYLE-HFUDQEDQSA-N
MC-3538,BRD-K52522088,    ,C[C@@H](CO)N1C[C@H](C)[C@H](CN(C)C(=O)Nc2ccccc2)OCc3cnnn3CCCC1=O,C[C@H]1CN([C@@H](C)CO)C(=O)CCCn2nncc2CO[C@H]1CN(C)C(=O)Nc1ccccc1,2.45,10^-6 cm/s,Papp BA+Inh.,-5.611,Log Papp BA+,2.45,Caco-2,BA_ABBA2point_Inh,https://doi.org/10.1038/nchembio.2203,Journals,10.1038/nchembio.2203,"(Over et al., 2016)",2016,12,0,1,1,C1CCNCCOCCCNC1,C=C1COCC(C)CN(C)C(=O)CCCN1,0.0,0.251,3,2,1.967,458.563,7,2,33,23,0.565,112.82,5,0,0,8.786,WDZBAJDPNLQQNP-WFXMLNOXSA-N
MC-3539,BRD-K09844305,    ,C[C@@H](CO)N1C[C@@H](C)[C@H](CN(C)C(=O)Nc2ccccc2)OCc3cnnn3CCCC1=O,C[C@@H](CO)N1C[C@@H](C)[C@H](CN(C)C(=O)Nc2ccccc2)OCc2cnnn2CCCC1=O,1.67,10^-6 cm/s,Papp BA+Inh.,-5.777,Log Papp BA+,1.67,Caco-2,BA_ABBA2point_Inh,https://doi.org/10.1038/nchembio.2203,Journals,10.1038/nchembio.2203,"(Over et al., 2016)",2016,12,0,1,1,C1CCNCCOCCCNC1,C=C1COC(C)C(C)CN(C)C(=O)CCCN1,0.0,0.251,3,2,1.967,458.563,7,2,33,23,0.565,112.82,5,0,0,8.786,WDZBAJDPNLQQNP-LQWHRVPQSA-N
MC-3542,BRD-K96390133,    ,C[C@@H](CO)N1C[C@H](C)[C@H](CN(C)Cc2ccc(C)cc2)OCc3cn(CCCC1=O)nn3,Cc1ccc(CN(C)C[C@@H]2OCc3cn(nn3)CCCC(=O)N([C@@H](C)CO)C[C@@H]2C)cc1,8.9,10^-6 cm/s,Papp BA+Inh.,-5.051,Log Papp BA+,8.9,Caco-2,BA_ABBA2point_Inh,https://doi.org/10.1038/nchembio.2203,Journals,10.1038/nchembio.2203,"(Over et al., 2016)",2016,13,0,1,1,C1=CNCCCCNCCCOC1,CC1CCN(C)C(=O)CCCNC=CCO1,0.0,0.231,3,2,2.243,443.592,7,1,32,24,0.625,83.72,6,0,0,8.782,XSAFYGBYABXFOO-JTAQYXEDSA-N
MC-3543,BRD-K54834493,    ,C[C@@H](CO)N1C[C@@H](C)[C@H](CN(C)Cc2ccc(C)cc2)OCc3cn(CCCC1=O)nn3,Cc1ccc(CN(C)C[C@@H]2OCc3cn(nn3)CCCC(=O)N([C@@H](C)CO)C[C@H]2C)cc1,2.59,10^-6 cm/s,Papp BA+Inh.,-5.587,Log Papp BA+,2.59,Caco-2,BA_ABBA2point_Inh,https://doi.org/10.1038/nchembio.2203,Journals,10.1038/nchembio.2203,"(Over et al., 2016)",2016,13,0,1,1,C1=CNCCCCNCCCOC1,CC1CCN(C)C(=O)CCCNC=CCO1,0.0,0.231,3,2,2.243,443.592,7,1,32,24,0.625,83.72,6,0,0,8.782,XSAFYGBYABXFOO-QTEQDKRBSA-N
MC-3544,BRD-K84704910,    ,C[C@@H](CO)N1C[C@@H](C)[C@H](CN(C)S(=O)(=O)c2ccc(Oc3ccccc3)nc2)OCc4cn(CCCC1=O)nn4,C[C@@H](CO)N1C[C@@H](C)[C@H](CN(C)S(=O)(=O)c2ccc(Oc3ccccc3)nc2)OCc2cn(nn2)CCCC1=O,6.94,10^-6 cm/s,Papp BA+Inh.,-5.159,Log Papp BA+,6.94,Caco-2,BA_ABBA2point_Inh,https://doi.org/10.1038/nchembio.2203,Journals,10.1038/nchembio.2203,"(Over et al., 2016)",2016,13,0,1,1,C1=CNCCCCNCCCOC1,CC1CN(C)C(=O)CCCNC=CCOC1C,0.0,0.231,4,3,2.311,572.688,10,1,40,27,0.481,139.98,8,0,0,9.846,XWZDMZHCRBPSEJ-CZSZKKDXSA-N
MC-3545,BRD-K52661672,    ,C[C@@H](CO)N1C[C@@H](C)[C@H](CN(C)S(=O)(=O)c2ccc(Oc3ccccc3)nc2)OCc4cnnn4CCCC1=O,C[C@@H](CO)N1C[C@@H](C)[C@H](CN(C)S(=O)(=O)c2ccc(Oc3ccccc3)nc2)OCc2cnnn2CCCC1=O,23.48,10^-6 cm/s,Papp BA+Inh.,-4.629,Log Papp BA+,23.48,Caco-2,BA_ABBA2point_Inh,https://doi.org/10.1038/nchembio.2203,Journals,10.1038/nchembio.2203,"(Over et al., 2016)",2016,12,0,1,1,C1CCNCCOCCCNC1,C=C1COC(C)C(C)CN(C)C(=O)CCCN1,0.0,0.251,4,3,2.311,572.688,10,1,40,27,0.481,139.98,8,0,0,9.846,AKRWKLFRQMBMKN-CZSZKKDXSA-N
MC-3546,BRD-K11795212,    ,C[C@@H](CO)N1C[C@H](C)[C@H](CN(C)S(=O)(=O)c2ccc(Oc3ccccc3)nc2)OCc4cn(CCCC1=O)nn4,C[C@H]1CN([C@@H](C)CO)C(=O)CCCn2cc(nn2)CO[C@H]1CN(C)S(=O)(=O)c1ccc(Oc2ccccc2)nc1,11.9,10^-6 cm/s,Papp BA+Inh.,-4.924,Log Papp BA+,11.9,Caco-2,BA_ABBA2point_Inh,https://doi.org/10.1038/nchembio.2203,Journals,10.1038/nchembio.2203,"(Over et al., 2016)",2016,13,0,1,1,C1=CNCCCCNCCCOC1,CC1COCC=CNCCCC(=O)N(C)C1,0.0,0.231,4,3,2.311,572.688,10,1,40,27,0.481,139.98,8,0,0,9.846,XWZDMZHCRBPSEJ-WATLYSKOSA-N
MC-3547,BRD-K54213520,    ,C[C@@H](CO)N1C[C@H](C)[C@H](CN(C)S(=O)(=O)c2ccc(Oc3ccccc3)nc2)OCc4cnnn4CCCC1=O,C[C@H]1CN([C@@H](C)CO)C(=O)CCCn2nncc2CO[C@H]1CN(C)S(=O)(=O)c1ccc(Oc2ccccc2)nc1,17.95,10^-6 cm/s,Papp BA+Inh.,-4.746,Log Papp BA+,17.95,Caco-2,BA_ABBA2point_Inh,https://doi.org/10.1038/nchembio.2203,Journals,10.1038/nchembio.2203,"(Over et al., 2016)",2016,12,0,1,1,C1CCNCCOCCCNC1,C=C1COCC(C)CN(C)C(=O)CCCN1,0.0,0.251,4,3,2.311,572.688,10,1,40,27,0.481,139.98,8,0,0,9.846,AKRWKLFRQMBMKN-WATLYSKOSA-N
MC-3558,BRD-K86033856,    ,C[C@@H](CO)N1C[C@@H](C)[C@H](CN(C)C(=O)Oc2ccc(C)cc2)OCc3cnnn3CCCC1=O,Cc1ccc(OC(=O)N(C)C[C@@H]2OCc3cnnn3CCCC(=O)N([C@@H](C)CO)C[C@H]2C)cc1,13.66,10^-6 cm/s,Papp BA+Inh.,-4.865,Log Papp BA+,13.66,Caco-2,BA_ABBA2point_Inh,https://doi.org/10.1038/nchembio.2203,Journals,10.1038/nchembio.2203,"(Over et al., 2016)",2016,12,0,1,1,C1CCNCCOCCCNC1,C=C1COC(C)CCN(C)C(=O)CCCN1,0.0,0.251,3,2,2.242,473.574,8,1,34,24,0.583,110.02,5,0,0,9.002,YRBTUIBMTXMQGX-DXIQSLLYSA-N
MC-3559,BRD-K03937518,    ,C[C@@H](CO)N1C[C@@H](C)[C@H](CN(C)C(=O)Oc2ccc(C)cc2)OCc3cn(CCCC1=O)nn3,Cc1ccc(OC(=O)N(C)C[C@@H]2OCc3cn(nn3)CCCC(=O)N([C@@H](C)CO)C[C@H]2C)cc1,3.48,10^-6 cm/s,Papp BA+Inh.,-5.458,Log Papp BA+,3.48,Caco-2,BA_ABBA2point_Inh,https://doi.org/10.1038/nchembio.2203,Journals,10.1038/nchembio.2203,"(Over et al., 2016)",2016,13,0,1,1,C1=CNCCCCNCCCOC1,CC1CCN(C)C(=O)CCCNC=CCO1,0.0,0.231,3,2,2.242,473.574,8,1,34,24,0.583,110.02,5,0,0,9.002,VOGIWUFDXLFNKS-DXIQSLLYSA-N
MC-3562,BRD-K76086682,    ,C[C@@H](CO)N1C[C@H](C)[C@H](CN(C)Cc2ccc(Oc3ccccc3)cc2)OCc4cn(CCCC1=O)nn4,C[C@H]1CN([C@@H](C)CO)C(=O)CCCn2cc(nn2)CO[C@H]1CN(C)Cc1ccc(Oc2ccccc2)cc1,12.81,10^-6 cm/s,Papp BA+Inh.,-4.892,Log Papp BA+,12.81,Caco-2,BA_ABBA2point_Inh,https://doi.org/10.1038/nchembio.2203,Journals,10.1038/nchembio.2203,"(Over et al., 2016)",2016,13,0,1,1,C1=CNCCCCNCCCOC1,CC1COCC=CNCCCC(=O)N(C)C1,0.0,0.231,4,3,3.727,521.662,8,1,38,29,0.483,92.95,8,0,0,9.863,WVGLRASGSLBUCZ-LXWOLXCRSA-N
MC-3563,BRD-K57250790,    ,C[C@@H](CO)N1C[C@H](C)[C@H](CN(C)Cc2ccc(Oc3ccccc3)cc2)OCc4cnnn4CCCC1=O,C[C@H]1CN([C@@H](C)CO)C(=O)CCCn2nncc2CO[C@H]1CN(C)Cc1ccc(Oc2ccccc2)cc1,14.82,10^-6 cm/s,Papp BA+Inh.,-4.829,Log Papp BA+,14.82,Caco-2,BA_ABBA2point_Inh,https://doi.org/10.1038/nchembio.2203,Journals,10.1038/nchembio.2203,"(Over et al., 2016)",2016,12,0,1,1,C1CCNCCOCCCNC1,C=C1COCC(C)CN(C)C(=O)CCCN1,0.0,0.251,4,3,3.727,521.662,8,1,38,29,0.483,92.95,8,0,0,9.863,CUSMSBFNEHNGNQ-LXWOLXCRSA-N
MC-3564,BRD-K08585415,    ,C[C@@H](CO)N1C[C@@H](C)[C@H](CN(C)Cc2ccc(Oc3ccccc3)cc2)OCc4cn(CCCC1=O)nn4,C[C@@H](CO)N1C[C@@H](C)[C@H](CN(C)Cc2ccc(Oc3ccccc3)cc2)OCc2cn(nn2)CCCC1=O,8.94,10^-6 cm/s,Papp BA+Inh.,-5.049,Log Papp BA+,8.94,Caco-2,BA_ABBA2point_Inh,https://doi.org/10.1038/nchembio.2203,Journals,10.1038/nchembio.2203,"(Over et al., 2016)",2016,13,0,1,1,C1=CNCCCCNCCCOC1,CC1CN(C)C(=O)CCCNC=CCOC1C,0.0,0.231,4,3,3.727,521.662,8,1,38,29,0.483,92.95,8,0,0,9.863,WVGLRASGSLBUCZ-IWHLBADBSA-N
MC-3565,BRD-K43637663,    ,C[C@@H](CO)N1C[C@@H](C)[C@H](CN(C)Cc2ccc(Oc3ccccc3)cc2)OCc4cnnn4CCCC1=O,C[C@@H](CO)N1C[C@@H](C)[C@H](CN(C)Cc2ccc(Oc3ccccc3)cc2)OCc2cnnn2CCCC1=O,16.28,10^-6 cm/s,Papp BA+Inh.,-4.788,Log Papp BA+,16.28,Caco-2,BA_ABBA2point_Inh,https://doi.org/10.1038/nchembio.2203,Journals,10.1038/nchembio.2203,"(Over et al., 2016)",2016,12,0,1,1,C1CCNCCOCCCNC1,C=C1COC(C)C(C)CN(C)C(=O)CCCN1,0.0,0.251,4,3,3.727,521.662,8,1,38,29,0.483,92.95,8,0,0,9.863,CUSMSBFNEHNGNQ-IWHLBADBSA-N
MC-3566,BRD-K72773058,    ,C[C@@H](CO)N1C[C@H](C)[C@H](CN(C)C(=O)Nc2ccc3OCOc3c2)OCc4cn(CCCC1=O)nn4,C[C@H]1CN([C@@H](C)CO)C(=O)CCCn2cc(nn2)CO[C@H]1CN(C)C(=O)Nc1ccc2c(c1)OCO2,0.82,10^-6 cm/s,Papp BA+Inh.,-6.086,Log Papp BA+,0.82,Caco-2,BA_ABBA2point_Inh,https://doi.org/10.1038/nchembio.2203,Journals,10.1038/nchembio.2203,"(Over et al., 2016)",2016,13,0,1,1,C1=CNCCCCNCCCOC1,CC1COCC=CNCCCC(=O)N(C)C1,0.0,0.231,4,2,1.695,502.572,9,2,36,24,0.583,131.28,5,0,0,8.261,DEGZSTUNWMGQCY-HOIFWPIMSA-N
MC-3567,BRD-K06568278,    ,C[C@@H](CO)N1C[C@H](C)[C@@H](CN(C)C(=O)Nc2ccc3OCOc3c2)OCc4cn(CCCC1=O)nn4,C[C@H]1CN([C@@H](C)CO)C(=O)CCCn2cc(nn2)CO[C@@H]1CN(C)C(=O)Nc1ccc2c(c1)OCO2,2.28,10^-6 cm/s,Papp BA+Inh.,-5.642,Log Papp BA+,2.28,Caco-2,BA_ABBA2point_Inh,https://doi.org/10.1038/nchembio.2203,Journals,10.1038/nchembio.2203,"(Over et al., 2016)",2016,13,0,1,1,C1=CNCCCCNCCCOC1,CC1COCC=CNCCCC(=O)N(C)C1,0.0,0.231,4,2,1.695,502.572,9,2,36,24,0.583,131.28,5,0,0,8.261,DEGZSTUNWMGQCY-PNLZDCPESA-N
MC-3572,BRD-K31883990,    ,C[C@@H](CO)N1C[C@@H](C)[C@@H](CN(C)Cc2ccc(cc2)C(=O)Nc3ccccc3N)OCc4cnnn4CCCC1=O,C[C@@H](CO)N1C[C@@H](C)[C@@H](CN(C)Cc2ccc(C(=O)Nc3ccccc3N)cc2)OCc2cnnn2CCCC1=O,1.45,10^-6 cm/s,Papp BA+Inh.,-5.839,Log Papp BA+,1.45,Caco-2,BA_ABBA2point_Inh,https://doi.org/10.1038/nchembio.2203,Journals,10.1038/nchembio.2203,"(Over et al., 2016)",2016,12,0,1,1,C1CCNCCOCCCNC1,C=C1COC(C)C(C)CN(C)C(=O)CCCN1,0.0,0.251,4,3,2.769,563.703,9,3,41,30,0.467,138.84,8,0,0,10.448,DAHNEQAICFEUKA-RZIGYZOXSA-N
MC-3573,BRD-K87587780,    ,C[C@@H](CO)N1C[C@@H](C)[C@@H](CN(C)Cc2ccc(cc2)C(=O)Nc3ccccc3N)OCc4cn(CCCC1=O)nn4,C[C@@H](CO)N1C[C@@H](C)[C@@H](CN(C)Cc2ccc(C(=O)Nc3ccccc3N)cc2)OCc2cn(nn2)CCCC1=O,0.18,10^-6 cm/s,Papp BA+Inh.,-6.745,Log Papp BA+,0.18,Caco-2,BA_ABBA2point_Inh,https://doi.org/10.1038/nchembio.2203,Journals,10.1038/nchembio.2203,"(Over et al., 2016)",2016,13,0,1,1,C1=CNCCCCNCCCOC1,CC1CN(C)C(=O)CCCNC=CCOC1C,0.0,0.231,4,3,2.769,563.703,9,3,41,30,0.467,138.84,8,0,0,10.448,UVZKFWVLTKDOOG-RZIGYZOXSA-N
MC-3578,BRD-K97914059,    ,COCC(=O)N1C[C@@H](C)[C@@H](CN(C)C(=O)c2cc(NC(=O)c3ccccc3)ccc2OC[C@@H]1C)OC,COCC(=O)N1C[C@@H](C)[C@H](OC)CN(C)C(=O)c2cc(NC(=O)c3ccccc3)ccc2OC[C@@H]1C,7.13,10^-6 cm/s,Papp BA+Inh.,-5.147,Log Papp BA+,7.13,Caco-2,BA_ABBA2point_Inh,https://doi.org/10.1038/nchembio.2203,Journals,10.1038/nchembio.2203,"(Over et al., 2016)",2016,12,0,1,1,C1CCNCCOCCCNC1,CC1CN(C)C(C)COc2ccccc2C(=O)N(C)CC1O,0.0,0.251,3,2,2.918,497.592,6,1,36,27,0.444,97.41,5,0,0,9.436,DPXQKSZBFMAGAY-YDIMBITNSA-N
MC-3579,BRD-K11113009,    ,COCC(=O)N1C[C@@H](C)[C@H](CN(C)C(=O)c2ccc(NC(=O)c3ccccc3)cc2OC[C@@H]1C)OC,COCC(=O)N1C[C@@H](C)[C@@H](OC)CN(C)C(=O)c2ccc(NC(=O)c3ccccc3)cc2OC[C@@H]1C,7.34,10^-6 cm/s,Papp BA+Inh.,-5.134,Log Papp BA+,7.34,Caco-2,BA_ABBA2point_Inh,https://doi.org/10.1038/nchembio.2203,Journals,10.1038/nchembio.2203,"(Over et al., 2016)",2016,12,0,1,1,C1CCNCCOCCCNC1,CC1CN(C)C(C)COc2ccccc2C(=O)N(C)CC1O,0.0,0.251,3,2,2.918,497.592,6,1,36,27,0.444,97.41,5,0,0,9.436,RXTVBUOGJRMDEF-IMWIBFENSA-N
MC-3580,BRD-K18615777,    ,COCC(=O)N1C[C@@H](C)[C@@H](CN(C)C(=O)c2cc(NC(=O)c3ccccc3)ccc2OC[C@H]1C)OC,COCC(=O)N1C[C@@H](C)[C@H](OC)CN(C)C(=O)c2cc(NC(=O)c3ccccc3)ccc2OC[C@H]1C,16.25,10^-6 cm/s,Papp BA+Inh.,-4.789,Log Papp BA+,16.25,Caco-2,BA_ABBA2point_Inh,https://doi.org/10.1038/nchembio.2203,Journals,10.1038/nchembio.2203,"(Over et al., 2016)",2016,12,0,1,1,C1CCNCCOCCCNC1,CC1CN(C)C(C)COc2ccccc2C(=O)N(C)CC1O,0.0,0.251,3,2,2.918,497.592,6,1,36,27,0.444,97.41,5,0,0,9.436,DPXQKSZBFMAGAY-KHCICDEESA-N
MC-3581,BRD-K87273108,    ,COCC(=O)N1C[C@@H](C)[C@H](CN(C)C(=O)c2cc(NC(=O)c3ccccc3)ccc2OC[C@@H]1C)OC,COCC(=O)N1C[C@@H](C)[C@@H](OC)CN(C)C(=O)c2cc(NC(=O)c3ccccc3)ccc2OC[C@@H]1C,7.95,10^-6 cm/s,Papp BA+Inh.,-5.1,Log Papp BA+,7.95,Caco-2,BA_ABBA2point_Inh,https://doi.org/10.1038/nchembio.2203,Journals,10.1038/nchembio.2203,"(Over et al., 2016)",2016,12,0,1,1,C1CCNCCOCCCNC1,CC1CN(C)C(C)COc2ccccc2C(=O)N(C)CC1O,0.0,0.251,3,2,2.918,497.592,6,1,36,27,0.444,97.41,5,0,0,9.436,DPXQKSZBFMAGAY-IMWIBFENSA-N
MC-3607,BRD-K09472198,    ,CO[C@H]1CN(C)C(=O)c2ccc(NC(=O)Nc3cccc(Cl)c3)cc2OC[C@@H](C)NC[C@@H]1C,CO[C@H]1CN(C)C(=O)c2ccc(NC(=O)Nc3cccc(Cl)c3)cc2OC[C@@H](C)NC[C@@H]1C,3.87,10^-6 cm/s,Papp BA+Inh.,-5.412,Log Papp BA+,3.87,Caco-2,BA_ABBA2point_Inh,https://doi.org/10.1038/nchembio.2203,Journals,10.1038/nchembio.2203,"(Over et al., 2016)",2016,12,0,1,1,C1CCNCCOCCCNC1,CC1COc2ccccc2C(=O)N(C)CC(O)CCN1,0.0,0.251,3,2,4.078,474.989,5,3,33,24,0.417,91.93,3,0,0,8.545,VSNOTZHHPOMKDC-DMPWYTOCSA-N
MC-3608,BRD-K57140889,    ,CO[C@H]1CN(C)C(=O)c2cc(NC(=O)Nc3cccc(Cl)c3)ccc2OC[C@@H](C)NC[C@@H]1C,CO[C@H]1CN(C)C(=O)c2cc(NC(=O)Nc3cccc(Cl)c3)ccc2OC[C@@H](C)NC[C@@H]1C,4.11,10^-6 cm/s,Papp BA+Inh.,-5.386,Log Papp BA+,4.11,Caco-2,BA_ABBA2point_Inh,https://doi.org/10.1038/nchembio.2203,Journals,10.1038/nchembio.2203,"(Over et al., 2016)",2016,12,0,1,1,C1CCNCCOCCCNC1,CC1COc2ccccc2C(=O)N(C)CC(O)CCN1,0.0,0.251,3,2,4.078,474.989,5,3,33,24,0.417,91.93,3,0,0,8.545,WJKSFTDVZIMVMK-DMPWYTOCSA-N
MC-3609,BRD-K26543702,    ,CO[C@@H]1CN(C)C(=O)c2ccc(NS(=O)(=O)CC(F)(F)F)cc2OC[C@@H](C)N(CCC(F)(F)F)C[C@H]1C,CO[C@@H]1CN(C)C(=O)c2ccc(NS(=O)(=O)CC(F)(F)F)cc2OC[C@@H](C)N(CCC(F)(F)F)C[C@H]1C,23.37,10^-6 cm/s,Papp BA+Inh.,-4.631,Log Papp BA+,23.37,Caco-2,BA_ABBA2point_Inh,https://doi.org/10.1038/nchembio.2203,Journals,10.1038/nchembio.2203,"(Over et al., 2016)",2016,12,0,1,1,C1CCNCCOCCCNC1,CC1COc2ccccc2C(=O)N(C)CC(O)CCN1C,0.0,0.251,2,1,3.749,563.561,6,1,37,22,0.682,88.18,6,0,0,10.1,BYLLLMVPWHFWDU-SPYBWZPUSA-N
MC-3610,BRD-K57961612,    ,CO[C@H]1CN(C)C(=O)c2cc(NS(=O)(=O)CC(F)(F)F)ccc2OC[C@@H](C)N(CCC(F)(F)F)C[C@H]1C,CO[C@H]1CN(C)C(=O)c2cc(NS(=O)(=O)CC(F)(F)F)ccc2OC[C@@H](C)N(CCC(F)(F)F)C[C@H]1C,20.69,10^-6 cm/s,Papp BA+Inh.,-4.684,Log Papp BA+,20.69,Caco-2,BA_ABBA2point_Inh,https://doi.org/10.1038/nchembio.2203,Journals,10.1038/nchembio.2203,"(Over et al., 2016)",2016,12,0,1,1,C1CCNCCOCCCNC1,CC1COc2ccccc2C(=O)N(C)CC(O)CCN1C,0.0,0.251,2,1,3.749,563.561,6,1,37,22,0.682,88.18,6,0,0,10.1,OAHLJUNACLXZLI-CLCXKQKWSA-N
MC-3611,BRD-K70605636,    ,CO[C@@H]1CN(C)C(=O)c2cc(NS(=O)(=O)CC(F)(F)F)ccc2OC[C@@H](C)N(CCC(F)(F)F)C[C@H]1C,CO[C@@H]1CN(C)C(=O)c2cc(NS(=O)(=O)CC(F)(F)F)ccc2OC[C@@H](C)N(CCC(F)(F)F)C[C@H]1C,21.53,10^-6 cm/s,Papp BA+Inh.,-4.667,Log Papp BA+,21.53,Caco-2,BA_ABBA2point_Inh,https://doi.org/10.1038/nchembio.2203,Journals,10.1038/nchembio.2203,"(Over et al., 2016)",2016,12,0,1,1,C1CCNCCOCCCNC1,CC1COc2ccccc2C(=O)N(C)CC(O)CCN1C,0.0,0.251,2,1,3.749,563.561,6,1,37,22,0.682,88.18,6,0,0,10.1,OAHLJUNACLXZLI-SPYBWZPUSA-N
MC-3612,BRD-K32253331,    ,CO[C@@H]1CN(C)C(=O)c2cc(NS(=O)(=O)CC(F)(F)F)ccc2OC[C@H](C)N(CCC(F)(F)F)C[C@H]1C,CO[C@@H]1CN(C)C(=O)c2cc(NS(=O)(=O)CC(F)(F)F)ccc2OC[C@H](C)N(CCC(F)(F)F)C[C@H]1C,26.26,10^-6 cm/s,Papp BA+Inh.,-4.581,Log Papp BA+,26.26,Caco-2,BA_ABBA2point_Inh,https://doi.org/10.1038/nchembio.2203,Journals,10.1038/nchembio.2203,"(Over et al., 2016)",2016,12,0,1,1,C1CCNCCOCCCNC1,CC1COc2ccccc2C(=O)N(C)CC(O)CCN1C,0.0,0.251,2,1,3.749,563.561,6,1,37,22,0.682,88.18,6,0,0,10.1,OAHLJUNACLXZLI-ZRGWGRIASA-N
MC-3621,BRD-K72913953,    ,C[C@H](CO)N1C[C@@H](C)[C@@H](CN(C)CC2CCCCC2)OCCCC[C@H](C)Oc3ccc(NC(=O)c4ccncc4)cc3C1=O,C[C@H]1CCCCO[C@H](CN(C)CC2CCCCC2)[C@H](C)CN([C@H](C)CO)C(=O)c2cc(NC(=O)c3ccncc3)ccc2O1,9.84,10^-6 cm/s,Papp BA+Inh.,-5.007,Log Papp BA+,9.84,Caco-2,BA_ABBA2point_Inh,https://doi.org/10.1038/nchembio.2203,Journals,10.1038/nchembio.2203,"(Over et al., 2016)",2016,14,0,1,1,C1CCOCCCNCCCOCC1,CC1CCCCOC(C)C(C)CN(C)C(=O)c2ccccc2O1,0.0,0.215,4,2,5.642,608.824,7,2,44,35,0.629,104.23,8,0,0,13.005,PRNQDRDIWPOXBY-JIXXDEQJSA-N
MC-3622,BRD-K50846154,    ,C[C@H](CO)N1C[C@H](C)[C@@H](CN(C)CC2CCCCC2)OCCCC[C@@H](C)Oc3ccc(NC(=O)c4ccncc4)cc3C1=O,C[C@H]1CN([C@H](C)CO)C(=O)c2cc(NC(=O)c3ccncc3)ccc2O[C@H](C)CCCCO[C@@H]1CN(C)CC1CCCCC1,11.13,10^-6 cm/s,Papp BA+Inh.,-4.954,Log Papp BA+,11.13,Caco-2,BA_ABBA2point_Inh,https://doi.org/10.1038/nchembio.2203,Journals,10.1038/nchembio.2203,"(Over et al., 2016)",2016,14,0,1,1,C1CCOCCCNCCCOCC1,CC1COCCCCC(C)Oc2ccccc2C(=O)N(C)C1,0.0,0.215,4,2,5.642,608.824,7,2,44,35,0.629,104.23,8,0,0,13.005,PRNQDRDIWPOXBY-ZJXZHUIYSA-N
MC-3623,BRD-K12345237,    ,C[C@H](CO)N1C[C@H](C)[C@@H](CN(C)CC2CCCCC2)OCCCC[C@H](C)Oc3ccc(NC(=O)c4ccncc4)cc3C1=O,C[C@H]1CCCCO[C@H](CN(C)CC2CCCCC2)[C@@H](C)CN([C@H](C)CO)C(=O)c2cc(NC(=O)c3ccncc3)ccc2O1,9.79,10^-6 cm/s,Papp BA+Inh.,-5.009,Log Papp BA+,9.79,Caco-2,BA_ABBA2point_Inh,https://doi.org/10.1038/nchembio.2203,Journals,10.1038/nchembio.2203,"(Over et al., 2016)",2016,14,0,1,1,C1CCOCCCNCCCOCC1,CC1CCCCOC(C)C(C)CN(C)C(=O)c2ccccc2O1,0.0,0.215,4,2,5.642,608.824,7,2,44,35,0.629,104.23,8,0,0,13.005,PRNQDRDIWPOXBY-LIHQSLCGSA-N
MC-3624,BRD-K36596997,    ,C[C@H](CO)N1C[C@@H](C)[C@@H](CN(C)CC2CCCCC2)OCCCC[C@@H](C)Oc3ccc(NC(=O)c4ccncc4)cc3C1=O,C[C@@H]1CCCCO[C@H](CN(C)CC2CCCCC2)[C@H](C)CN([C@H](C)CO)C(=O)c2cc(NC(=O)c3ccncc3)ccc2O1,10.63,10^-6 cm/s,Papp BA+Inh.,-4.973,Log Papp BA+,10.63,Caco-2,BA_ABBA2point_Inh,https://doi.org/10.1038/nchembio.2203,Journals,10.1038/nchembio.2203,"(Over et al., 2016)",2016,14,0,1,1,C1CCOCCCNCCCOCC1,CC1CCCCOC(C)C(C)CN(C)C(=O)c2ccccc2O1,0.0,0.215,4,2,5.642,608.824,7,2,44,35,0.629,104.23,8,0,0,13.005,PRNQDRDIWPOXBY-BXWHCVCYSA-N
MC-3625,BRD-K90619727,    ,COc1ccc(CN(C)C[C@H]2OCCCC[C@H](C)Oc3ccc(NS(=O)(=O)c4ccc(Cl)cc4)cc3C(=O)N(C[C@H]2C)[C@@H](C)CO)cc1,COc1ccc(CN(C)C[C@H]2OCCCC[C@H](C)Oc3ccc(NS(=O)(=O)c4ccc(Cl)cc4)cc3C(=O)N([C@@H](C)CO)C[C@H]2C)cc1,4.49,10^-6 cm/s,Papp BA+Inh.,-5.348,Log Papp BA+,4.49,Caco-2,BA_ABBA2point_Inh,https://doi.org/10.1038/nchembio.2203,Journals,10.1038/nchembio.2203,"(Over et al., 2016)",2016,14,0,1,1,C1CCOCCCNCCCOCC1,CC1CCN(C)C(=O)c2ccccc2OC(C)CCCCO1,0.0,0.215,4,3,6.077,702.314,8,2,48,36,0.472,117.64,10,0,0,13.543,XCDXHIWIDBQVIT-WMBRHFINSA-N
MC-3626,BRD-K55107387,    ,COc1ccc(CN(C)C[C@H]2OCCCC[C@@H](C)Oc3ccc(NS(=O)(=O)c4ccc(Cl)cc4)cc3C(=O)N(C[C@H]2C)[C@@H](C)CO)cc1,COc1ccc(CN(C)C[C@H]2OCCCC[C@@H](C)Oc3ccc(NS(=O)(=O)c4ccc(Cl)cc4)cc3C(=O)N([C@@H](C)CO)C[C@H]2C)cc1,5.7,10^-6 cm/s,Papp BA+Inh.,-5.244,Log Papp BA+,5.7,Caco-2,BA_ABBA2point_Inh,https://doi.org/10.1038/nchembio.2203,Journals,10.1038/nchembio.2203,"(Over et al., 2016)",2016,14,0,1,1,C1CCOCCCNCCCOCC1,CC1CCN(C)C(=O)c2ccccc2OC(C)CCCCO1,0.0,0.215,4,3,6.077,702.314,8,2,48,36,0.472,117.64,10,0,0,13.543,XCDXHIWIDBQVIT-IHLWBQKJSA-N
MC-3641,BRD-K25176542,    ,C[C@@H](CO)N1C[C@H](C)[C@@H](CN(C)S(=O)(=O)c2ccc(F)cc2)OCCCC[C@H](C)Oc3ccc(NC(=O)c4ccccc4)cc3C1=O,C[C@H]1CCCCO[C@H](CN(C)S(=O)(=O)c2ccc(F)cc2)[C@@H](C)CN([C@@H](C)CO)C(=O)c2cc(NC(=O)c3ccccc3)ccc2O1,24.13,10^-6 cm/s,Papp BA+Inh.,-4.617,Log Papp BA+,24.13,Caco-2,BA_ABBA2point_Inh,https://doi.org/10.1038/nchembio.2203,Journals,10.1038/nchembio.2203,"(Over et al., 2016)",2016,14,0,1,1,C1CCOCCCNCCCOCC1,CC1CCCCOC(C)C(C)CN(C)C(=O)c2ccccc2O1,0.0,0.215,4,3,5.194,669.816,7,2,47,35,0.429,125.48,8,0,0,12.5,IOBGNMZXYBQZSC-DXCNDIKUSA-N
MC-3642,BRD-K60031045,    ,C[C@@H](CO)N1C[C@@H](C)[C@@H](CN(C)S(=O)(=O)c2ccc(F)cc2)OCCCC[C@H](C)Oc3ccc(NC(=O)c4ccccc4)cc3C1=O,C[C@H]1CCCCO[C@H](CN(C)S(=O)(=O)c2ccc(F)cc2)[C@H](C)CN([C@@H](C)CO)C(=O)c2cc(NC(=O)c3ccccc3)ccc2O1,15.67,10^-6 cm/s,Papp BA+Inh.,-4.805,Log Papp BA+,15.67,Caco-2,BA_ABBA2point_Inh,https://doi.org/10.1038/nchembio.2203,Journals,10.1038/nchembio.2203,"(Over et al., 2016)",2016,14,0,1,1,C1CCOCCCNCCCOCC1,CC1CCCCOC(C)C(C)CN(C)C(=O)c2ccccc2O1,0.0,0.215,4,3,5.194,669.816,7,2,47,35,0.429,125.48,8,0,0,12.5,IOBGNMZXYBQZSC-PHAQOQMTSA-N
MC-3649,BRD-K22656684,    ,C[C@H](CO)N1C[C@H](C)[C@@H](CN(C)S(=O)(=O)C)OCCCC[C@H](C)Oc2ccc(NS(=O)(=O)c3ccccc3)cc2C1=O,C[C@H]1CCCCO[C@H](CN(C)S(C)(=O)=O)[C@@H](C)CN([C@H](C)CO)C(=O)c2cc(NS(=O)(=O)c3ccccc3)ccc2O1,9.06,10^-6 cm/s,Papp BA+Inh.,-5.043,Log Papp BA+,9.06,Caco-2,BA_ABBA2point_Inh,https://doi.org/10.1038/nchembio.2203,Journals,10.1038/nchembio.2203,"(Over et al., 2016)",2016,14,0,1,1,C1CCOCCCNCCCOCC1,CC1CCCCOC(C)C(C)CN(C)C(=O)c2ccccc2O1,0.0,0.215,3,2,3.174,625.81,8,2,42,29,0.552,142.55,8,0,0,11.784,XSAPARVONWBHKR-WYNJNVBPSA-N
MC-3650,BRD-K99197175,    ,C[C@H](CO)N1C[C@H](C)[C@@H](CN(C)S(=O)(=O)C)OCCCC[C@@H](C)Oc2ccc(NS(=O)(=O)c3ccccc3)cc2C1=O,C[C@H]1CN([C@H](C)CO)C(=O)c2cc(NS(=O)(=O)c3ccccc3)ccc2O[C@H](C)CCCCO[C@@H]1CN(C)S(C)(=O)=O,11.19,10^-6 cm/s,Papp BA+Inh.,-4.951,Log Papp BA+,11.19,Caco-2,BA_ABBA2point_Inh,https://doi.org/10.1038/nchembio.2203,Journals,10.1038/nchembio.2203,"(Over et al., 2016)",2016,14,0,1,1,C1CCOCCCNCCCOCC1,CC1COCCCCC(C)Oc2ccccc2C(=O)N(C)C1,0.0,0.215,3,2,3.174,625.81,8,2,42,29,0.552,142.55,8,0,0,11.784,XSAPARVONWBHKR-TUEWKVEFSA-N
MC-3661,BRD-K40084030,    ,C[C@@H](CO)N1C[C@H](C)[C@H](CN(C)S(=O)(=O)c2ccc(C)cc2)OCCCC[C@@H](C)Oc3ccc(NC(=O)CCC(F)(F)F)cc3C1=O,Cc1ccc(S(=O)(=O)N(C)C[C@@H]2OCCCC[C@@H](C)Oc3ccc(NC(=O)CCC(F)(F)F)cc3C(=O)N([C@@H](C)CO)C[C@@H]2C)cc1,23.8,10^-6 cm/s,Papp BA+Inh.,-4.623,Log Papp BA+,23.8,Caco-2,BA_ABBA2point_Inh,https://doi.org/10.1038/nchembio.2203,Journals,10.1038/nchembio.2203,"(Over et al., 2016)",2016,14,0,1,1,C1CCOCCCNCCCOCC1,CC1CCN(C)C(=O)c2ccccc2OC(C)CCCCO1,0.0,0.215,3,2,5.392,685.806,7,2,47,33,0.576,125.48,9,0,0,13.639,NPOKHEBSKVPEPK-INVAMZEASA-N
MC-3662,BRD-K63556761,    ,C[C@@H](CO)N1C[C@H](C)[C@H](CN(C)S(=O)(=O)c2ccc(C)cc2)OCCCC[C@H](C)Oc3ccc(NC(=O)CCC(F)(F)F)cc3C1=O,Cc1ccc(S(=O)(=O)N(C)C[C@@H]2OCCCC[C@H](C)Oc3ccc(NC(=O)CCC(F)(F)F)cc3C(=O)N([C@@H](C)CO)C[C@@H]2C)cc1,20.99,10^-6 cm/s,Papp BA+Inh.,-4.678,Log Papp BA+,20.99,Caco-2,BA_ABBA2point_Inh,https://doi.org/10.1038/nchembio.2203,Journals,10.1038/nchembio.2203,"(Over et al., 2016)",2016,14,0,1,1,C1CCOCCCNCCCOCC1,CC1CCN(C)C(=O)c2ccccc2OC(C)CCCCO1,0.0,0.215,3,2,5.392,685.806,7,2,47,33,0.576,125.48,9,0,0,13.639,NPOKHEBSKVPEPK-XZSZPMDUSA-N
MC-3679,BRD-K65831955,    ,C[C@@H](CO)N1C[C@@H](C)[C@@H](CN(C)C)OCCCC[C@@H](C)Oc2ccc(cc2C1=O)N(C)C,C[C@@H](CO)N1C[C@@H](C)[C@@H](CN(C)C)OCCCC[C@@H](C)Oc2ccc(N(C)C)cc2C1=O,7.68,10^-6 cm/s,Papp BA+Inh.,-5.115,Log Papp BA+,7.68,Caco-2,BA_ABBA2point_Inh,https://doi.org/10.1038/nchembio.2203,Journals,10.1038/nchembio.2203,"(Over et al., 2016)",2016,14,0,1,1,C1CCOCCCNCCCOCC1,CC1CCCCOC(C)C(C)CN(C)C(=O)c2ccccc2O1,0.0,0.215,2,1,3.11,449.636,6,1,32,25,0.72,65.48,5,0,0,10.256,PQNWFIFCFFWMJI-ZBNTXBBCSA-N
MC-3680,BRD-K68485855,    ,C[C@@H](CO)N1C[C@@H](C)[C@H](CN(C)C)OCCCC[C@@H](C)Oc2ccc(cc2C1=O)N(C)C,C[C@@H](CO)N1C[C@@H](C)[C@H](CN(C)C)OCCCC[C@@H](C)Oc2ccc(N(C)C)cc2C1=O,1.64,10^-6 cm/s,Papp BA+Inh.,-5.785,Log Papp BA+,1.64,Caco-2,BA_ABBA2point_Inh,https://doi.org/10.1038/nchembio.2203,Journals,10.1038/nchembio.2203,"(Over et al., 2016)",2016,14,0,1,1,C1CCOCCCNCCCOCC1,CC1CCCCOC(C)C(C)CN(C)C(=O)c2ccccc2O1,0.0,0.215,2,1,3.11,449.636,6,1,32,25,0.72,65.48,5,0,0,10.256,PQNWFIFCFFWMJI-ZSTWQFLISA-N
MC-3681,BRD-K55256232,    ,C[C@@H](CO)N1C[C@H](C)[C@H](CN(C)Cc2ccccc2)OCCCC[C@H](C)Oc3ccc(NC(=O)CCC(F)(F)F)cc3C1=O,C[C@H]1CCCCO[C@@H](CN(C)Cc2ccccc2)[C@@H](C)CN([C@@H](C)CO)C(=O)c2cc(NC(=O)CCC(F)(F)F)ccc2O1,15.37,10^-6 cm/s,Papp BA+Inh.,-4.813,Log Papp BA+,15.37,Caco-2,BA_ABBA2point_Inh,https://doi.org/10.1038/nchembio.2203,Journals,10.1038/nchembio.2203,"(Over et al., 2016)",2016,14,0,1,1,C1CCOCCCNCCCOCC1,CC1CCCCOC(C)C(C)CN(C)C(=O)c2ccccc2O1,0.0,0.215,3,2,5.895,621.741,6,2,44,33,0.576,91.34,9,0,0,13.483,OMPYFAIFRLVIFJ-XZSZPMDUSA-N
MC-3682,BRD-K38380337,    ,C[C@H](CO)N1C[C@H](C)[C@H](CN(C)Cc2ccccc2)OCCCC[C@@H](C)Oc3ccc(NC(=O)CCC(F)(F)F)cc3C1=O,C[C@H]1CN([C@H](C)CO)C(=O)c2cc(NC(=O)CCC(F)(F)F)ccc2O[C@H](C)CCCCO[C@H]1CN(C)Cc1ccccc1,17.92,10^-6 cm/s,Papp BA+Inh.,-4.747,Log Papp BA+,17.92,Caco-2,BA_ABBA2point_Inh,https://doi.org/10.1038/nchembio.2203,Journals,10.1038/nchembio.2203,"(Over et al., 2016)",2016,14,0,1,1,C1CCOCCCNCCCOCC1,CC1COCCCCC(C)Oc2ccccc2C(=O)N(C)C1,0.0,0.215,3,2,5.895,621.741,6,2,44,33,0.576,91.34,9,0,0,13.483,OMPYFAIFRLVIFJ-RPQPUBLWSA-N
MC-3683,BRD-K97707303,    ,C[C@H](CO)N1C[C@H](C)[C@@H](CN(C)Cc2ccccc2)OCCCC[C@H](C)Oc2ccc(NC(=O)CCC(F)(F)F)cc2C1=O,C[C@H]1CCCCO[C@H](CN(C)Cc2ccccc2)[C@@H](C)CN([C@H](C)CO)C(=O)c2cc(NC(=O)CCC(F)(F)F)ccc2O1,15.05,10^-6 cm/s,Papp BA+Inh.,-4.822,Log Papp BA+,15.05,Caco-2,BA_ABBA2point_Inh,https://doi.org/10.1038/nchembio.2203,Journals,10.1038/nchembio.2203,"(Over et al., 2016)",2016,14,0,1,1,C1CCOCCCNCCCOCC1,CC1CCCCOC(C)C(C)CN(C)C(=O)c2ccccc2O1,0.0,0.215,3,2,5.895,621.741,6,2,44,33,0.576,91.34,9,0,0,13.483,OMPYFAIFRLVIFJ-YDXRHMNESA-N
MC-3684,BRD-K78676275,    ,C[C@@H](CO)N1C[C@@H](C)[C@H](CN(C)Cc2ccccc2)OCCCC[C@H](C)Oc3ccc(NC(=O)CCC(F)(F)F)cc3C1=O,C[C@H]1CCCCO[C@@H](CN(C)Cc2ccccc2)[C@H](C)CN([C@@H](C)CO)C(=O)c2cc(NC(=O)CCC(F)(F)F)ccc2O1,13.12,10^-6 cm/s,Papp BA+Inh.,-4.882,Log Papp BA+,13.12,Caco-2,BA_ABBA2point_Inh,https://doi.org/10.1038/nchembio.2203,Journals,10.1038/nchembio.2203,"(Over et al., 2016)",2016,14,0,1,1,C1CCOCCCNCCCOCC1,CC1CCCCOC(C)C(C)CN(C)C(=O)c2ccccc2O1,0.0,0.215,3,2,5.895,621.741,6,2,44,33,0.576,91.34,9,0,0,13.483,OMPYFAIFRLVIFJ-DUXAABNJSA-N
MC-4570,BRD-K42671829,    ,C[C@@H](CO)N1C[C@H](C)[C@@H](CN(C)Cc2ccc(C)cc2)OCc2cn(CCCC1=O)nn2,Cc1ccc(CN(C)C[C@H]2OCc3cn(nn3)CCCC(=O)N([C@@H](C)CO)C[C@@H]2C)cc1,2.22,10^-6 cm/s,Papp BA+Inh.,-5.654,Log Papp BA+,2.22,Caco-2,BA_ABBA2point_Inh,https://doi.org/10.1038/nchembio.2203,Journals,10.1038/nchembio.2203,"(Over et al., 2016)",2016,13,0,1,1,C1=CNCCCCNCCCOC1,CC1CCN(C)C(=O)CCCNC=CCO1,0.0,0.231,3,2,2.243,443.592,7,1,32,24,0.625,83.72,6,0,0,8.782,XSAFYGBYABXFOO-SXWKCWPCSA-N
MC-4571,BRD-K33407589,    ,C[C@H](CO)N1C[C@H](C)[C@@H](CN(C)Cc2ccc(C)cc2)OCc2cn(CCCC1=O)nn2,Cc1ccc(CN(C)C[C@H]2OCc3cn(nn3)CCCC(=O)N([C@H](C)CO)C[C@@H]2C)cc1,2.36,10^-6 cm/s,Papp BA+Inh.,-5.627,Log Papp BA+,2.36,Caco-2,BA_ABBA2point_Inh,https://doi.org/10.1038/nchembio.2203,Journals,10.1038/nchembio.2203,"(Over et al., 2016)",2016,13,0,1,1,C1=CNCCCCNCCCOC1,CC1CCN(C)C(=O)CCCNC=CCO1,0.0,0.231,3,2,2.243,443.592,7,1,32,24,0.625,83.72,6,0,0,8.782,XSAFYGBYABXFOO-MIZPHKNDSA-N
MC-4572,BRD-K84128738,    ,C[C@H](CO)N1C[C@@H](C)[C@H](CN(C)Cc2ccc(C)cc2)OCc2cn(CCCC1=O)nn2,Cc1ccc(CN(C)C[C@@H]2OCc3cn(nn3)CCCC(=O)N([C@H](C)CO)C[C@H]2C)cc1,2.58,10^-6 cm/s,Papp BA+Inh.,-5.588,Log Papp BA+,2.58,Caco-2,BA_ABBA2point_Inh,https://doi.org/10.1038/nchembio.2203,Journals,10.1038/nchembio.2203,"(Over et al., 2016)",2016,13,0,1,1,C1=CNCCCCNCCCOC1,CC1CCN(C)C(=O)CCCNC=CCO1,0.0,0.231,3,2,2.243,443.592,7,1,32,24,0.625,83.72,6,0,0,8.782,XSAFYGBYABXFOO-VIZSFHNOSA-N
MC-4573,BRD-K31187110,    ,C[C@H](CO)N1C[C@H](C)[C@H](CN(C)Cc2ccc(C)cc2)OCc2cn(CCCC1=O)nn2,Cc1ccc(CN(C)C[C@@H]2OCc3cn(nn3)CCCC(=O)N([C@H](C)CO)C[C@@H]2C)cc1,7.25,10^-6 cm/s,Papp BA+Inh.,-5.14,Log Papp BA+,7.25,Caco-2,BA_ABBA2point_Inh,https://doi.org/10.1038/nchembio.2203,Journals,10.1038/nchembio.2203,"(Over et al., 2016)",2016,13,0,1,1,C1=CNCCCCNCCCOC1,CC1CCN(C)C(=O)CCCNC=CCO1,0.0,0.231,3,2,2.243,443.592,7,1,32,24,0.625,83.72,6,0,0,8.782,XSAFYGBYABXFOO-MZKRTTBSSA-N
MC-4574,BRD-K51106827,    ,C[C@@H](CO)N1C[C@@H](C)[C@@H](CN(C)Cc2ccc(C)cc2)OCc2cn(CCCC1=O)nn2,Cc1ccc(CN(C)C[C@H]2OCc3cn(nn3)CCCC(=O)N([C@@H](C)CO)C[C@H]2C)cc1,7.25,10^-6 cm/s,Papp BA+Inh.,-5.14,Log Papp BA+,7.25,Caco-2,BA_ABBA2point_Inh,https://doi.org/10.1038/nchembio.2203,Journals,10.1038/nchembio.2203,"(Over et al., 2016)",2016,13,0,1,1,C1=CNCCCCNCCCOC1,CC1CCN(C)C(=O)CCCNC=CCO1,0.0,0.231,3,2,2.243,443.592,7,1,32,24,0.625,83.72,6,0,0,8.782,XSAFYGBYABXFOO-ZRCGQRJVSA-N
MC-4575,BRD-K42790744,    ,C[C@H](CO)N1C[C@@H](C)[C@@H](CN(C)Cc2ccc(C)cc2)OCc2cn(CCCC1=O)nn2,Cc1ccc(CN(C)C[C@H]2OCc3cn(nn3)CCCC(=O)N([C@H](C)CO)C[C@H]2C)cc1,7.81,10^-6 cm/s,Papp BA+Inh.,-5.107,Log Papp BA+,7.81,Caco-2,BA_ABBA2point_Inh,https://doi.org/10.1038/nchembio.2203,Journals,10.1038/nchembio.2203,"(Over et al., 2016)",2016,13,0,1,1,C1=CNCCCCNCCCOC1,CC1CCN(C)C(=O)CCCNC=CCO1,0.0,0.231,3,2,2.243,443.592,7,1,32,24,0.625,83.72,6,0,0,8.782,XSAFYGBYABXFOO-TXTKFYIRSA-N
MC-4576,BRD-K84541452,    ,C[C@@H](CO)N1C[C@@H](C)[C@H](CN(C)Cc2ccc(C)cc2)OCc2cnnn2CCCC1=O,Cc1ccc(CN(C)C[C@@H]2OCc3cnnn3CCCC(=O)N([C@@H](C)CO)C[C@H]2C)cc1,19.68,10^-6 cm/s,Papp BA+Inh.,-4.706,Log Papp BA+,19.68,Caco-2,BA_ABBA2point_Inh,https://doi.org/10.1038/nchembio.2203,Journals,10.1038/nchembio.2203,"(Over et al., 2016)",2016,12,0,1,1,C1CCNCCOCCCNC1,C=C1COC(C)CCN(C)C(=O)CCCN1,0.0,0.251,3,2,2.243,443.592,7,1,32,24,0.625,83.72,6,0,0,8.782,WGPDLCVCGOLGPE-QTEQDKRBSA-N
MC-4577,BRD-K56987347,    ,C[C@@H](CO)N1C[C@H](C)[C@H](CN(C)Cc2ccc(C)cc2)OCc2cnnn2CCCC1=O,Cc1ccc(CN(C)C[C@@H]2OCc3cnnn3CCCC(=O)N([C@@H](C)CO)C[C@@H]2C)cc1,15.34,10^-6 cm/s,Papp BA+Inh.,-4.814,Log Papp BA+,15.34,Caco-2,BA_ABBA2point_Inh,https://doi.org/10.1038/nchembio.2203,Journals,10.1038/nchembio.2203,"(Over et al., 2016)",2016,12,0,1,1,C1CCNCCOCCCNC1,C=C1COC(C)CCN(C)C(=O)CCCN1,0.0,0.251,3,2,2.243,443.592,7,1,32,24,0.625,83.72,6,0,0,8.782,WGPDLCVCGOLGPE-JTAQYXEDSA-N
MC-4578,BRD-K03300496,    ,C[C@@H](CO)N1C[C@@H](C)[C@@H](CN(C)S(=O)(=O)c2ccc(C)cc2)OCCCC[C@@H](C)Oc2ccc(NC(=O)CCC(F)(F)F)cc2C1=O,Cc1ccc(S(=O)(=O)N(C)C[C@H]2OCCCC[C@@H](C)Oc3ccc(NC(=O)CCC(F)(F)F)cc3C(=O)N([C@@H](C)CO)C[C@H]2C)cc1,14.85,10^-6 cm/s,Papp BA+Inh.,-4.828,Log Papp BA+,14.85,Caco-2,BA_ABBA2point_Inh,https://doi.org/10.1038/nchembio.2203,Journals,10.1038/nchembio.2203,"(Over et al., 2016)",2016,14,0,1,1,C1CCOCCCNCCCOCC1,CC1CCN(C)C(=O)c2ccccc2OC(C)CCCCO1,0.0,0.215,3,2,5.392,685.806,7,2,47,33,0.576,125.48,9,0,0,13.639,NPOKHEBSKVPEPK-FJRSXGRASA-N
MC-4579,BRD-K95704745,    ,C[C@H](CO)N1C[C@@H](C)[C@H](CN(C)S(=O)(=O)c2ccc(C)cc2)OCCCC[C@@H](C)Oc2ccc(NC(=O)CCC(F)(F)F)cc2C1=O,Cc1ccc(S(=O)(=O)N(C)C[C@@H]2OCCCC[C@@H](C)Oc3ccc(NC(=O)CCC(F)(F)F)cc3C(=O)N([C@H](C)CO)C[C@H]2C)cc1,17.48,10^-6 cm/s,Papp BA+Inh.,-4.757,Log Papp BA+,17.48,Caco-2,BA_ABBA2point_Inh,https://doi.org/10.1038/nchembio.2203,Journals,10.1038/nchembio.2203,"(Over et al., 2016)",2016,14,0,1,1,C1CCOCCCNCCCOCC1,CC1CCN(C)C(=O)c2ccccc2OC(C)CCCCO1,0.0,0.215,3,2,5.392,685.806,7,2,47,33,0.576,125.48,9,0,0,13.639,NPOKHEBSKVPEPK-GBRARVNLSA-N
MC-4580,BRD-K48788416,    ,C[C@H](CO)N1C[C@@H](C)[C@@H](CN(C)S(=O)(=O)c2ccc(C)cc2)OCCCC[C@@H](C)Oc2ccc(NC(=O)CCC(F)(F)F)cc2C1=O,Cc1ccc(S(=O)(=O)N(C)C[C@H]2OCCCC[C@@H](C)Oc3ccc(NC(=O)CCC(F)(F)F)cc3C(=O)N([C@H](C)CO)C[C@H]2C)cc1,12.4,10^-6 cm/s,Papp BA+Inh.,-4.907,Log Papp BA+,12.4,Caco-2,BA_ABBA2point_Inh,https://doi.org/10.1038/nchembio.2203,Journals,10.1038/nchembio.2203,"(Over et al., 2016)",2016,14,0,1,1,C1CCOCCCNCCCOCC1,CC1CCN(C)C(=O)c2ccccc2OC(C)CCCCO1,0.0,0.215,3,2,5.392,685.806,7,2,47,33,0.576,125.48,9,0,0,13.639,NPOKHEBSKVPEPK-SFOWLQBLSA-N
MC-4581,BRD-K40574012,    ,C[C@@H](CO)N1C[C@H](C)[C@@H](CN(C)S(=O)(=O)c2ccc(C)cc2)OCCCC[C@H](C)Oc2ccc(NC(=O)CCC(F)(F)F)cc2C1=O,Cc1ccc(S(=O)(=O)N(C)C[C@H]2OCCCC[C@H](C)Oc3ccc(NC(=O)CCC(F)(F)F)cc3C(=O)N([C@@H](C)CO)C[C@@H]2C)cc1,14.84,10^-6 cm/s,Papp BA+Inh.,-4.829,Log Papp BA+,14.84,Caco-2,BA_ABBA2point_Inh,https://doi.org/10.1038/nchembio.2203,Journals,10.1038/nchembio.2203,"(Over et al., 2016)",2016,14,0,1,1,C1CCOCCCNCCCOCC1,CC1CCN(C)C(=O)c2ccccc2OC(C)CCCCO1,0.0,0.215,3,2,5.392,685.806,7,2,47,33,0.576,125.48,9,0,0,13.639,NPOKHEBSKVPEPK-DNHJLFCISA-N
MC-4582,BRD-K79674943,    ,C[C@H](CO)N1C[C@H](C)[C@H](CN(C)S(=O)(=O)c2ccc(C)cc2)OCCCC[C@H](C)Oc2ccc(NC(=O)CCC(F)(F)F)cc2C1=O,Cc1ccc(S(=O)(=O)N(C)C[C@@H]2OCCCC[C@H](C)Oc3ccc(NC(=O)CCC(F)(F)F)cc3C(=O)N([C@H](C)CO)C[C@@H]2C)cc1,14.22,10^-6 cm/s,Papp BA+Inh.,-4.847,Log Papp BA+,14.22,Caco-2,BA_ABBA2point_Inh,https://doi.org/10.1038/nchembio.2203,Journals,10.1038/nchembio.2203,"(Over et al., 2016)",2016,14,0,1,1,C1CCOCCCNCCCOCC1,CC1CCN(C)C(=O)c2ccccc2OC(C)CCCCO1,0.0,0.215,3,2,5.392,685.806,7,2,47,33,0.576,125.48,9,0,0,13.639,NPOKHEBSKVPEPK-SODQHWRNSA-N
MC-4583,BRD-K22158609,    ,C[C@@H](CO)N1C[C@@H](C)[C@H](CN(C)S(=O)(=O)c2ccc(C)cc2)OCCCC[C@@H](C)Oc2ccc(NC(=O)CCC(F)(F)F)cc2C1=O,Cc1ccc(S(=O)(=O)N(C)C[C@@H]2OCCCC[C@@H](C)Oc3ccc(NC(=O)CCC(F)(F)F)cc3C(=O)N([C@@H](C)CO)C[C@H]2C)cc1,22.2,10^-6 cm/s,Papp BA+Inh.,-4.654,Log Papp BA+,22.2,Caco-2,BA_ABBA2point_Inh,https://doi.org/10.1038/nchembio.2203,Journals,10.1038/nchembio.2203,"(Over et al., 2016)",2016,14,0,1,1,C1CCOCCCNCCCOCC1,CC1CCN(C)C(=O)c2ccccc2OC(C)CCCCO1,0.0,0.215,3,2,5.392,685.806,7,2,47,33,0.576,125.48,9,0,0,13.639,NPOKHEBSKVPEPK-ZXPXOXBPSA-N
MC-4584,BRD-K75627897,    ,C[C@H](CO)N1C[C@H](C)[C@@H](CN(C)S(=O)(=O)c2ccc(C)cc2)OCCCC[C@H](C)Oc2ccc(NC(=O)CCC(F)(F)F)cc2C1=O,Cc1ccc(S(=O)(=O)N(C)C[C@H]2OCCCC[C@H](C)Oc3ccc(NC(=O)CCC(F)(F)F)cc3C(=O)N([C@H](C)CO)C[C@@H]2C)cc1,20.56,10^-6 cm/s,Papp BA+Inh.,-4.687,Log Papp BA+,20.56,Caco-2,BA_ABBA2point_Inh,https://doi.org/10.1038/nchembio.2203,Journals,10.1038/nchembio.2203,"(Over et al., 2016)",2016,14,0,1,1,C1CCOCCCNCCCOCC1,CC1CCN(C)C(=O)c2ccccc2OC(C)CCCCO1,0.0,0.215,3,2,5.392,685.806,7,2,47,33,0.576,125.48,9,0,0,13.639,NPOKHEBSKVPEPK-YDXRHMNESA-N
MC-4585,BRD-K39019657,    ,C[C@@H](CO)N1C[C@@H](C)[C@H](CN(C)S(=O)(=O)c2ccc(C)cc2)OCCCC[C@H](C)Oc2ccc(NC(=O)CCC(F)(F)F)cc2C1=O,Cc1ccc(S(=O)(=O)N(C)C[C@@H]2OCCCC[C@H](C)Oc3ccc(NC(=O)CCC(F)(F)F)cc3C(=O)N([C@@H](C)CO)C[C@H]2C)cc1,17.65,10^-6 cm/s,Papp BA+Inh.,-4.753,Log Papp BA+,17.65,Caco-2,BA_ABBA2point_Inh,https://doi.org/10.1038/nchembio.2203,Journals,10.1038/nchembio.2203,"(Over et al., 2016)",2016,14,0,1,1,C1CCOCCCNCCCOCC1,CC1CCN(C)C(=O)c2ccccc2OC(C)CCCCO1,0.0,0.215,3,2,5.392,685.806,7,2,47,33,0.576,125.48,9,0,0,13.639,NPOKHEBSKVPEPK-DUXAABNJSA-N
MC-4586,BRD-K88104396,    ,C[C@H](CO)N1C[C@H](C)[C@@H](CN(C)S(=O)(=O)c2ccc(C)cc2)OCCCC[C@@H](C)Oc2ccc(NC(=O)CCC(F)(F)F)cc2C1=O,Cc1ccc(S(=O)(=O)N(C)C[C@H]2OCCCC[C@@H](C)Oc3ccc(NC(=O)CCC(F)(F)F)cc3C(=O)N([C@H](C)CO)C[C@@H]2C)cc1,28.55,10^-6 cm/s,Papp BA+Inh.,-4.544,Log Papp BA+,28.55,Caco-2,BA_ABBA2point_Inh,https://doi.org/10.1038/nchembio.2203,Journals,10.1038/nchembio.2203,"(Over et al., 2016)",2016,14,0,1,1,C1CCOCCCNCCCOCC1,CC1CCN(C)C(=O)c2ccccc2OC(C)CCCCO1,0.0,0.215,3,2,5.392,685.806,7,2,47,33,0.576,125.48,9,0,0,13.639,NPOKHEBSKVPEPK-RZDWVWPCSA-N
MC-4587,BRD-K39813981,    ,C[C@@H](CO)N1C[C@H](C)[C@@H](CN(C)S(=O)(=O)c2ccc(C)cc2)OCCCC[C@@H](C)Oc2ccc(NC(=O)CCC(F)(F)F)cc2C1=O,Cc1ccc(S(=O)(=O)N(C)C[C@H]2OCCCC[C@@H](C)Oc3ccc(NC(=O)CCC(F)(F)F)cc3C(=O)N([C@@H](C)CO)C[C@@H]2C)cc1,16.81,10^-6 cm/s,Papp BA+Inh.,-4.774,Log Papp BA+,16.81,Caco-2,BA_ABBA2point_Inh,https://doi.org/10.1038/nchembio.2203,Journals,10.1038/nchembio.2203,"(Over et al., 2016)",2016,14,0,1,1,C1CCOCCCNCCCOCC1,CC1CCN(C)C(=O)c2ccccc2OC(C)CCCCO1,0.0,0.215,3,2,5.392,685.806,7,2,47,33,0.576,125.48,9,0,0,13.639,NPOKHEBSKVPEPK-ZQIPMTRKSA-N
MC-4588,BRD-K51584865,    ,C[C@H](CO)N1C[C@@H](C)[C@H](CN(C)S(=O)(=O)c2ccc(C)cc2)OCCCC[C@H](C)Oc2ccc(NC(=O)CCC(F)(F)F)cc2C1=O,Cc1ccc(S(=O)(=O)N(C)C[C@@H]2OCCCC[C@H](C)Oc3ccc(NC(=O)CCC(F)(F)F)cc3C(=O)N([C@H](C)CO)C[C@H]2C)cc1,18.1,10^-6 cm/s,Papp BA+Inh.,-4.742,Log Papp BA+,18.1,Caco-2,BA_ABBA2point_Inh,https://doi.org/10.1038/nchembio.2203,Journals,10.1038/nchembio.2203,"(Over et al., 2016)",2016,14,0,1,1,C1CCOCCCNCCCOCC1,CC1CCN(C)C(=O)c2ccccc2OC(C)CCCCO1,0.0,0.215,3,2,5.392,685.806,7,2,47,33,0.576,125.48,9,0,0,13.639,NPOKHEBSKVPEPK-ZRIOWSNCSA-N
MC-4589,BRD-K91427035,    ,C[C@H](CO)N1C[C@@H](C)[C@@H](CN(C)S(=O)(=O)c2ccc(C)cc2)OCCCC[C@H](C)Oc2ccc(NC(=O)CCC(F)(F)F)cc2C1=O,Cc1ccc(S(=O)(=O)N(C)C[C@H]2OCCCC[C@H](C)Oc3ccc(NC(=O)CCC(F)(F)F)cc3C(=O)N([C@H](C)CO)C[C@H]2C)cc1,20.14,10^-6 cm/s,Papp BA+Inh.,-4.696,Log Papp BA+,20.14,Caco-2,BA_ABBA2point_Inh,https://doi.org/10.1038/nchembio.2203,Journals,10.1038/nchembio.2203,"(Over et al., 2016)",2016,14,0,1,1,C1CCOCCCNCCCOCC1,CC1CCN(C)C(=O)c2ccccc2OC(C)CCCCO1,0.0,0.215,3,2,5.392,685.806,7,2,47,33,0.576,125.48,9,0,0,13.639,NPOKHEBSKVPEPK-ZASNTINBSA-N
MC-4590,BRD-K59097285,    ,C[C@@H](CO)N1C[C@@H](C)[C@@H](CN(C)S(=O)(=O)c2ccc(C)cc2)OCCCC[C@H](C)Oc2ccc(NC(=O)CCC(F)(F)F)cc2C1=O,Cc1ccc(S(=O)(=O)N(C)C[C@H]2OCCCC[C@H](C)Oc3ccc(NC(=O)CCC(F)(F)F)cc3C(=O)N([C@@H](C)CO)C[C@H]2C)cc1,17.98,10^-6 cm/s,Papp BA+Inh.,-4.745,Log Papp BA+,17.98,Caco-2,BA_ABBA2point_Inh,https://doi.org/10.1038/nchembio.2203,Journals,10.1038/nchembio.2203,"(Over et al., 2016)",2016,14,0,1,1,C1CCOCCCNCCCOCC1,CC1CCN(C)C(=O)c2ccccc2OC(C)CCCCO1,0.0,0.215,3,2,5.392,685.806,7,2,47,33,0.576,125.48,9,0,0,13.639,NPOKHEBSKVPEPK-UBRKHCEVSA-N
MC-4591,BRD-K93765440,    ,C[C@H](CO)N1C[C@H](C)[C@H](CN(C)S(=O)(=O)c2ccc(C)cc2)OCCCC[C@@H](C)Oc2ccc(NC(=O)CCC(F)(F)F)cc2C1=O,Cc1ccc(S(=O)(=O)N(C)C[C@@H]2OCCCC[C@@H](C)Oc3ccc(NC(=O)CCC(F)(F)F)cc3C(=O)N([C@H](C)CO)C[C@@H]2C)cc1,17.64,10^-6 cm/s,Papp BA+Inh.,-4.754,Log Papp BA+,17.64,Caco-2,BA_ABBA2point_Inh,https://doi.org/10.1038/nchembio.2203,Journals,10.1038/nchembio.2203,"(Over et al., 2016)",2016,14,0,1,1,C1CCOCCCNCCCOCC1,CC1CCN(C)C(=O)c2ccccc2OC(C)CCCCO1,0.0,0.215,3,2,5.392,685.806,7,2,47,33,0.576,125.48,9,0,0,13.639,NPOKHEBSKVPEPK-RPQPUBLWSA-N
